Workbook

Sheet Raw
A1: Group | B1: Id | C1: Participation date | D1: First game | E1: Birth year | F1: study | G1: mother tongue | H1: General Info: Q1 | I1: General Info: Q2 | J1: General Info: Q3 | K1: General Info: Q4 | L1: General Info: Q5 | M1: General Info: Q6 | N1: General Info: Q7 | O1: Volleyball: Q1 | P1: Volleyball: Q2 | Q1: Volleyball: Q3 | R1: Volleyball: Q4 | S1: Volleyball: Q5 | T1: Volleyball: Q6 | U1: Volleyball: Q7 | V1: Team: Q1 | W1: Team: Q2 | X1: Team: Q3 | Y1: Team: Q4 | Z1: Team: Q5-1 | AA1: Team: Q5-2 | AB1: Team: Q5-3 | AC1: Team: Q5-4 | AD1: Team: Q5-5 | AE1: Team: Q5-6 | AF1: Team: Q5-7 | AG1: Team: Q5-8 | AH1: Team: Q5-9 | AI1: Team: Q6-1 | AJ1: Team: Q6-2 | AK1: Team: Q6-3 | AL1: Team: Q6-4 | AM1: Team: Q6-5 | AN1: Team: Q6-6 | AO1: Team: Q6-7 | AP1: Team: Q6-8 | AQ1: Team: Q6-9 | AR1: Team: Q7-12 | AS1: Team: Q7-13 | AT1: Team: Q7-14 | AU1: Team: Q7-15 | AV1: Team: Q7-16 | AW1: Team: Q7-17 | AX1: Team: Q7-18 | AY1: Team: Q7-19 | AZ1: Team: Q7-23 | BA1: Team: Q7-24 | BB1: Team: Q7-25 | BC1: Team: Q7-26 | BD1: Team: Q7-27 | BE1: Team: Q7-28 | BF1: Team: Q7-29 | BG1: Team: Q7-34 | BH1: Team: Q7-35 | BI1: Team: Q7-36 | BJ1: Team: Q7-37 | BK1: Team: Q7-38 | BL1: Team: Q7-39 | BM1: Team: Q7-45 | BN1: Team: Q7-46 | BO1: Team: Q7-47 | BP1: Team: Q7-48 | BQ1: Team: Q7-49 | BR1: Team: Q7-56 | BS1: Team: Q7-57 | BT1: Team: Q7-58 | BU1: Team: Q7-59 | BV1: Team: Q7-67 | BW1: Team: Q7-68 | BX1: Team: Q7-69 | BY1: Team: Q7-78 | BZ1: Team: Q7-79 | CA1: Team: Q7-89 | CB1: Team - Player (1) - A/B | CC1: Team - Player (2) - A/B | CD1: Volley - Player (1) - A/B | CE1: Volley - Player (2) - A/B | CF1: stranger - Player (1) - A/B | CG1: stranger - Player (2) - A/B | CH1: Team - Player (1) - In | CI1: Team - Player (1) - A/B | CJ1: Team - Player (2) - A/B | CK1: Volley - Player (1) - In | CL1: Volley - Player (1) - A/B | CM1: Volley - Player (2) - A/B | CN1: Stranger - Player (1) - In | CO1: Stranger - Player (1) - A/B | CP1: Stranger - Player (2) - A/B
A2: M1 | B2: 1 | C2: 40876 | D2: one shot | E2: 1991 | F2: Economics | G2: French | H2: No | I2: Fair | J2: Cooperate | K2: Distrust | L2: PS | M2: Other | N2: Rouen | O2: 8 | P2: 10 | Q2: * | R2: Handball | S2: VolleyballSt Orens | T2: OM | U2: Toulouse | V2: 2 | W2: 2 | X2: 8 | Y2: Best team | Z2: * | AA2: like a lot | AB2: like a lot | AC2: like a lot | AD2: like | AE2: like a lot | AF2: like | AG2: like | AH2: * | AI2: * | AJ2: like a lot | AK2: like a lot | AL2: like a lot | AM2: like | AN2: like a lot | AO2: like | AP2: like | AQ2: * | AR2: * | AS2: * | AT2: * | AU2: * | AV2: * | AW2: * | AX2: * | AY2: * | AZ2: 1 | BA2: 0 | BB2: 0 | BC2: 1 | BD2: 0 | BE2: 1 | BF2: * | BG2: 1 | BH2: 1 | BI2: 1 | BJ2: 1 | BK2: 1 | BL2: * | BM2: 1 | BN2: 0 | BO2: 0 | BP2: 0 | BQ2: * | BR2: 0 | BS2: 1 | BT2: 0 | BU2: * | BV2: 0 | BW2: 1 | BX2: * | BY2: 0 | BZ2: * | CA2: * | CB2: B | CC2: B | CD2: B | CE2: B | CF2: B | CG2: B | CH2: YES | CI2: B | CJ2: B | CK2: YES | CL2: A | CM2: B | CN2: YES | CO2: B | CP2: A
A3: M1 | B3: 2 | C3: 40876 | D3: one shot | E3: 1988 | F3: Law | G3: French | H3: No | I3: Unfair | J3: Cooperate | K3: Distrust | L3: PS | M3: Catholicism | N3: Toulouse | O3: 3 | P3: 8 | Q3: * | R3: soccer, tennis, mountain bike, bodyboard, swimming | S3: AS Cannes | T3: TFC, AC Milan | U3: Toulouse | V3: 1 | W3: 1 | X3: 5 | Y3: Friends | Z3: like a lot | AA3: * | AB3: like a lot | AC3: like | AD3: like a lot | AE3: like a lot | AF3: like | AG3: like | AH3: * | AI3: like | AJ3: * | AK3: like a lot | AL3: like | AM3: like | AN3: like a lot | AO3: indifferent | AP3: like | AQ3: * | AR3: * | AS3: 0 | AT3: 1 | AU3: 0 | AV3: 1 | AW3: 0 | AX3: 0 | AY3: * | AZ3: * | BA3: * | BB3: * | BC3: * | BD3: * | BE3: * | BF3: * | BG3: 1 | BH3: 0 | BI3: 0 | BJ3: 0 | BK3: 0 | BL3: * | BM3: 0 | BN3: 0 | BO3: 0 | BP3: 0 | BQ3: * | BR3: 0 | BS3: 1 | BT3: 0 | BU3: * | BV3: 0 | BW3: 0 | BX3: * | BY3: 0 | BZ3: * | CA3: * | CB3: B | CC3: B | CD3: A | CE3: B | CF3: A | CG3: B | CH3: YES | CI3: A | CJ3: B | CK3: YES | CL3: A | CM3: B | CN3: YES | CO3: A | CP3: B
A4: M1 | B4: 3 | C4: 40876 | D4: one shot | E4: 1987 | F4: Management | G4: French | H4: Yes | I4: Fair | J4: Cooperate | K4: Trust | L4: PCF | M4: Protestantism | N4: Niort | O4: 12 | P4: 10 | Q4: Gym | R4: Trail, Running, Cycling, tennis | S4: Tours, Poitier, Montpelier | T4: * | U4: Toulouse, Montpellier | V4: 3 | W4: 3 | X4: 5 | Y4: Best team | Z4: like a lot | AA4: like a lot | AB4: * | AC4: like a lot | AD4: like a lot | AE4: like a lot | AF4: like a lot | AG4: like a lot | AH4: * | AI4: like | AJ4: like a lot | AK4: * | AL4: like | AM4: like a lot | AN4: like | AO4: like | AP4: like | AQ4: * | AR4: 0 | AS4: * | AT4: 0 | AU4: 0 | AV4: 1 | AW4: 0 | AX4: 0 | AY4: * | AZ4: * | BA4: 0 | BB4: 0 | BC4: 0 | BD4: 0 | BE4: 0 | BF4: * | BG4: * | BH4: * | BI4: * | BJ4: * | BK4: * | BL4: * | BM4: 0 | BN4: 0 | BO4: 0 | BP4: 0 | BQ4: * | BR4: 0 | BS4: 0 | BT4: 0 | BU4: * | BV4: 0 | BW4: 0 | BX4: * | BY4: 0 | BZ4: * | CA4: * | CB4: A | CC4: B | CD4: B | CE4: B | CF4: B | CG4: B | CH4: NO | CI4: B | CJ4: B | CK4: NO | CL4: B | CM4: A | CN4: NO | CO4: B | CP4: A
A5: M1 | B5: 4 | C5: 40876 | D5: one shot | E5: 1986 | F5: Law | G5: Polish | H5: Yes | I5: Fair | J5: Defect | K5: Distrust | L5: UMP | M5: Catholicism | N5: Gracovie (Poland) | O5: 9 | P5: 2 | Q5: * | R5: Basketball | S5: Resovia Rzeszow (??) | T5: Barca | U5: Toulouse | V5: 2 | W5: 2 | X5: 3 | Y5: Friends | Z5: like | AA5: like | AB5: like a lot | AC5: * | AD5: like a lot | AE5: like | AF5: like | AG5: like | AH5: * | AI5: like | AJ5: like | AK5: like | AL5: * | AM5: like | AN5: like | AO5: like | AP5: like | AQ5: * | AR5: 1 | AS5: 1 | AT5: * | AU5: 0 | AV5: 1 | AW5: 0 | AX5: 0 | AY5: * | AZ5: 1 | BA5: * | BB5: 0 | BC5: 1 | BD5: 0 | BE5: 0 | BF5: * | BG5: * | BH5: 1 | BI5: 0 | BJ5: 1 | BK5: 0 | BL5: * | BM5: * | BN5: * | BO5: * | BP5: * | BQ5: * | BR5: 0 | BS5: 0 | BT5: 0 | BU5: * | BV5: 0 | BW5: 1 | BX5: * | BY5: 0 | BZ5: * | CA5: * | CB5: A | CC5: A | CD5: A | CE5: B | CF5: A | CG5: B | CH5: YES | CI5: A | CJ5: A | CK5: YES | CL5: B | CM5: A | CN5: YES | CO5: A | CP5: B
A6: M1 | B6: 5 | C6: 40876 | D6: one shot | E6: 1989 | F6: Politics | G6: French | H6: No | I6: Fair | J6: Cooperate | K6: Trust | L6: PS | M6: Other | N6: Paris | O6: 5 | P6: 2 | Q6: * | R6: Tennis, soccer, kayak | S6: Spacers | T6: Guingamp | U6: Toulouse | V6: 3 | W6: 3 | X6: 7 | Y6: Best team | Z6: like a lot | AA6: like a lot | AB6: like a lot | AC6: like a lot | AD6: * | AE6: like a lot | AF6: like a lot | AG6: like a lot | AH6: * | AI6: like a lot | AJ6: like a lot | AK6: like a lot | AL6: like a lot | AM6: * | AN6: like a lot | AO6: like a lot | AP6: like a lot | AQ6: * | AR6: 1 | AS6: 1 | AT6: 1 | AU6: * | AV6: 1 | AW6: 0 | AX6: 1 | AY6: * | AZ6: 1 | BA6: 1 | BB6: * | BC6: 1 | BD6: 0 | BE6: 1 | BF6: * | BG6: 1 | BH6: * | BI6: 0 | BJ6: 0 | BK6: 1 | BL6: * | BM6: * | BN6: 1 | BO6: 0 | BP6: 1 | BQ6: * | BR6: * | BS6: * | BT6: * | BU6: * | BV6: 0 | BW6: 1 | BX6: * | BY6: 0 | BZ6: * | CA6: * | CB6: B | CC6: B | CD6: B | CE6: B | CF6: B | CG6: B | CH6: YES | CI6: B | CJ6: B | CK6: YES | CL6: B | CM6: B | CN6: YES | CO6: B | CP6: B
A7: M1 | B7: 6 | C7: 40876 | D7: one shot | E7: 1984 | F7: Computer Sc | G7: French | H7: No | I7: Unfair | J7: Cooperate | K7: Distrust | L7: Other | M7: Other | N7: Nice | O7: 11 | P7: 10 | Q7: Beach volley | R7: Swimming, running | S7: Nice, Monaco | T7: * | U7: Naitonal team | V7: 0 | W7: 0 | X7: 8 | Y7: indifferent | Z7: like a lot | AA7: like a lot | AB7: like a lot | AC7: like a lot | AD7: like a lot | AE7: * | AF7: indifferent | AG7: like a lot | AH7: * | AI7: like a lot | AJ7: like a lot | AK7: like | AL7: like | AM7: like | AN7: * | AO7: indifferent | AP7: like | AQ7: * | AR7: 1 | AS7: 1 | AT7: 1 | AU7: 1 | AV7: * | AW7: 0 | AX7: 1 | AY7: * | AZ7: 1 | BA7: 1 | BB7: 1 | BC7: * | BD7: 0 | BE7: 1 | BF7: * | BG7: 1 | BH7: 1 | BI7: * | BJ7: 0 | BK7: 1 | BL7: * | BM7: 1 | BN7: * | BO7: 0 | BP7: 1 | BQ7: * | BR7: 1 | BS7: 0 | BT7: 1 | BU7: * | BV7: * | BW7: * | BX7: * | BY7: 0 | BZ7: * | CA7: * | CB7: B | CC7: B | CD7: A | CE7: B | CF7: A | CG7: B | CH7: NO | CI7: A | CJ7: B | CK7: YES | CL7: A | CM7: B | CN7: NO | CO7: A | CP7: B
A8: M1 | B8: 8 | C8: 40876 | D8: one shot | E8: 1989 | F8: Law | G8: French | H8: Yes | I8: Unfair | J8: Defect | K8: Distrust | L8: PS | M8: Other | N8: Albi | O8: 8 | P8: 8 | Q8: tennis | R8: Basketball | S8: Toulouse | T8: Manchester United | U8: Toulouse | V8: 1 | W8: 1 | X8: 5 | Y8: Best team | Z8: like | AA8: like | AB8: like | AC8: like | AD8: like | AE8: like | AF8: like | AG8: * | AH8: * | AI8: like | AJ8: like | AK8: like | AL8: like | AM8: like | AN8: like | AO8: like | AP8: * | AQ8: * | AR8: 0 | AS8: 1 | AT8: 0 | AU8: 1 | AV8: 1 | AW8: 0 | AX8: * | AY8: * | AZ8: 0 | BA8: 0 | BB8: 0 | BC8: 1 | BD8: 0 | BE8: * | BF8: * | BG8: 1 | BH8: 0 | BI8: 1 | BJ8: 0 | BK8: * | BL8: * | BM8: 0 | BN8: 0 | BO8: 0 | BP8: * | BQ8: * | BR8: 1 | BS8: 0 | BT8: * | BU8: * | BV8: 0 | BW8: * | BX8: * | BY8: * | BZ8: * | CA8: * | CB8: A | CC8: A | CD8: A | CE8: B | CF8: A | CG8: B | CH8: YES | CI8: A | CJ8: B | CK8: YES | CL8: A | CM8: B | CN8: NO | CO8: A | CP8: B
A9: M1 | B9: 9 | C9: 40876 | D9: one shot | E9: 1989 | F9: Management | G9: French | H9: No | I9: Fair | J9: Defect | K9: Trust | L9: MoDem | M9: Other | N9: Groulhet | O9: 6 | P9: 2 | Q9: * | R9: squash | S9: Toulouse (TOAC TUC) | T9: Lyon | U9: Toulouse | V9: 1 | W9: 1 | X9: 0 | Y9: Best team | Z9: like | AA9: like | AB9: like | AC9: indifferent | AD9: like | AE9: like | AF9: indifferent | AG9: like | AH9: * | AI9: like | AJ9: like | AK9: like | AL9: indifferent | AM9: like | AN9: like | AO9: indifferent | AP9: like | AQ9: * | AR9: 1 | AS9: 1 | AT9: 0 | AU9: 1 | AV9: 1 | AW9: 0 | AX9: 0 | AY9: * | AZ9: 1 | BA9: 0 | BB9: 1 | BC9: 1 | BD9: 0 | BE9: 0 | BF9: * | BG9: 0 | BH9: 1 | BI9: 1 | BJ9: 0 | BK9: 0 | BL9: * | BM9: 0 | BN9: 0 | BO9: 0 | BP9: 0 | BQ9: * | BR9: 1 | BS9: 0 | BT9: 0 | BU9: * | BV9: 0 | BW9: 0 | BX9: * | BY9: 0 | BZ9: * | CA9: * | CB9: B | CC9: B | CD9: B | CE9: B | CF9: B | CG9: B | CH9: YES | CI9: A | CJ9: B | CK9: YES | CL9: A | CM9: B | CN9: NO | CO9: B | CP9: B
A10: M2 | B10: 1 | C10: 40876 | D10: one shot | E10: 1989 | F10: Economics | G10: French | H10: No | I10: Fair | J10: Don't know | K10: Distrust | L10: PS | M10: Catholicism | N10: Toulouse | O10: 8 | P10: 1 | Q10: * | R10: Roller | S10: Spacers | T10: Benfica | U10: Toulouse | V10: 5 | W10: 1 | X10: 3 | Y10: Friends | Z10: * | AA10: like a lot | AB10: like a lot | AC10: like a lot | AD10: like a lot | AE10: like | AF10: like | AG10: * | AH10: * | AI10: * | AJ10: like a lot | AK10: like a lot | AL10: like a lot | AM10: like | AN10: like | AO10: like | AP10: * | AQ10: * | AR10: * | AS10: * | AT10: * | AU10: * | AV10: * | AW10: * | AX10: * | AY10: * | AZ10: 1 | BA10: 1 | BB10: 0 | BC10: 1 | BD10: 0 | BE10: * | BF10: * | BG10: 1 | BH10: 1 | BI10: 1 | BJ10: 1 | BK10: * | BL10: * | BM10: 0 | BN10: 1 | BO10: 1 | BP10: * | BQ10: * | BR10: 1 | BS10: 0 | BT10: * | BU10: * | BV10: 0 | BW10: * | BX10: * | BY10: * | BZ10: * | CA10: * | CB10: A | CC10: B | CD10: A | CE10: B | CF10: A | CG10: B | CH10: YES | CI10: A | CJ10: B | CK10: NO | CL10: A | CM10: B | CN10: NO | CO10: A | CP10: B
A11: M2 | B11: 3 | C11: 40876 | D11: one shot | E11: 1982 | F11: Computer Sc | G11: French | H11: Yes | I11: Unfair | J11: Defect | K11: Distrust | L11: Other | M11: Catholicism | N11: Castres | O11: 4 | P11: 0 | Q11: * | R11: climbing | S11: Spacers | T11: TFC | U11: Castres, Toulouse | V11: 4 | W11: 3 | X11: 4 | Y11: Friends | Z11: like a lot | AA11: like a lot | AB11: * | AC11: like a lot | AD11: like a lot | AE11: like a lot | AF11: like a lot | AG11: + like a lot | AH11: * | AI11: like a lot | AJ11: like a lot | AK11: * | AL11: like a lot | AM11: like a lot | AN11: like a lot | AO11: like a lot | AP11: + like a lot | AQ11: * | AR11: 1 | AS11: * | AT11: 1 | AU11: 1 | AV11: 1 | AW11: 1 | AX11: * | AY11: * | AZ11: * | BA11: 1 | BB11: 1 | BC11: 1 | BD11: 1 | BE11: * | BF11: * | BG11: * | BH11: * | BI11: * | BJ11: * | BK11: * | BL11: * | BM11: 1 | BN11: 1 | BO11: 1 | BP11: * | BQ11: * | BR11: 1 | BS11: 1 | BT11: * | BU11: * | BV11: 1 | BW11: * | BX11: * | BY11: * | BZ11: * | CA11: * | CB11: B | CC11: B | CD11: B | CE11: B | CF11: B | CG11: B | CH11: NO | CI11: B | CJ11: B | CK11: NO | CL11: B | CM11: B | CN11: NO | CO11: B | CP11: B
A12: M2 | B12: 4 | C12: 40876 | D12: one shot | E12: 1985 | F12: Law | G12: French | H12: No | I12: don't know | J12: Defect | K12: don't know | L12: EELV | M12: Islam | N12: Lavelanet | O12: 5 | P12: 2 | Q12: rugby, tennis | R12: rugby, tennis | S12: Cuba (?) | T12: OM | U12: Toulouse | V12: 5 | W12: 1 | X12: 7 | Y12: Friends | Z12: like a lot | AA12: like a lot | AB12: like a lot | AC12: * | AD12: like | AE12: like | AF12: like a lot | AG12: * | AH12: * | AI12: like a lot | AJ12: like a lot | AK12: like a lot | AL12: * | AM12: like | AN12: like | AO12: like a lot | AP12: * | AQ12: * | AR12: 0 | AS12: 1 | AT12: 1 | AU12: 0 | AV12: 0 | AW12: 0 | AX12: * | AY12: * | AZ12: 1 | BA12: * | BB12: 0 | BC12: 0 | BD12: 0 | BE12: * | BF12: * | BG12: * | BH12: 0 | BI12: 0 | BJ12: 1 | BK12: * | BL12: * | BM12: * | BN12: * | BO12: * | BP12: * | BQ12: * | BR12: 0 | BS12: 0 | BT12: * | BU12: * | BV12: 0 | BW12: * | BX12: * | BY12: * | BZ12: * | CA12: * | CB12: B | CC12: B | CD12: B | CE12: A | CF12: A | CG12: B | CH12: YES | CI12: B | CJ12: B | CK12: YES | CL12: B | CM12: B | CN12: YES | CO12: A | CP12: B
A13: M2 | B13: 5 | C13: 40876 | D13: one shot | E13: 1989 | F13: Law | G13: Polish | H13: No | I13: don't know | J13: Cooperate | K13: Distrust | L13: UMP | M13: Catholicism | N13: Cracovie (Poland) | O13: 6 | P13: 2 | Q13: * | R13: ski, tennis | S13: nationa team | T13: Wisla Krakow | U13: * | V13: 0 | W13: 0 | X13: 0 | Y13: Best team | Z13: like | AA13: like | AB13: like | AC13: like | AD13: * | AE13: like | AF13: like | AG13: * | AH13: * | AI13: like | AJ13: like | AK13: like | AL13: like | AM13: * | AN13: like | AO13: like | AP13: * | AQ13: * | AR13: 0 | AS13: 1 | AT13: 1 | AU13: * | AV13: 0 | AW13: 0 | AX13: * | AY13: * | AZ13: 0 | BB13: * | BC13: 0 | BD13: 0 | BE13: * | BF13: * | BG13: 1 | BH13: * | BI13: 0 | BJ13: 0 | BK13: * | BL13: * | BM13: * | BN13: 0 | BO13: 0 | BP13: * | BQ13: * | BR13: * | BS13: * | BT13: * | BU13: * | BV13: 0 | BW13: * | BX13: * | BY13: * | BZ13: * | CA13: * | CB13: A | CC13: A | CD13: A | CE13: A | CF13: A | CG13: A | CH13: * | CI13: * | CJ13: * | CK13: * | CL13: * | CM13: * | CN13: * | CO13: * | CP13: *
A14: M2 | B14: 6 | C14: 40883 | D14: one shot | E14: 1987 | F14: Law | G14: Russian | H14: No | I14: don't know | J14: Defect | K14: Trust | L14: Other | M14: Other | N14: Arkhangdsk (Russia) | O14: 10 | P14: 5 | Q14: * | R14: soccer | S14: nationa team | T14: Zenit | U14: Perpignan | V14: 1 | W14: 1 | X14: 3 | Y14: indifferent | Z14: like | AA14: like | AB14: like | AC14: like | AD14: like | AE14: * | AF14: like | AG14: * | AH14: * | AI14: like | AJ14: like | AK14: like | AL14: like | AM14: like | AN14: * | AO14: like | AP14: * | AQ14: * | AR14: 0 | AS14: 1 | AT14: 0 | AU14: 0 | AV14: * | AW14: 0 | AX14: * | AY14: * | AZ14: 1 | BA14: 1 | BB14: 0 | BC14: * | BD14: 1 | BE14: * | BF14: * | BG14: 1 | BH14: 0 | BI14: * | BJ14: 1 | BK14: * | BL14: * | BM14: 0 | BN14: * | BO14: 1 | BP14: * | BQ14: * | BR14: * | BS14: 0 | BT14: * | BU14: * | BV14: * | BW14: * | BX14: * | BY14: * | BZ14: * | CA14: * | CB14: A | CC14: A | CD14: A | CE14: A | CF14: A | CG14: A | CH14: YES | CI14: A | CJ14: A | CK14: YES | CL14: A | CM14: A | CN14: YES | CO14: A | CP14: A
A15: M2 | B15: 7 | C15: 40876 | D15: one shot | E15: 1986 | F15: Law | G15: French | H15: Yes | I15: don't know | J15: Defect | K15: Distrust | L15: PS | M15: Protestantism | N15: Fort de France | O15: 7 | P15: 3 | Q15: * | R15: tennis, swimming | S15: Spacers | T15: Barca | U15: * | V15: 4 | W15: 3 | X15: 1 | Y15: indifferent | Z15: like | AA15: like | AB15: like | AC15: like | AD15: like | AE15: like | AF15: * | AG15: * | AH15: * | AI15: like | AJ15: like | AK15: like | AL15: like | AM15: indifferent | AN15: like | AO15: * | AP15: * | AQ15: * | AR15: 1 | AS15: 1 | AT15: 1 | AU15: 1 | AV15: 1 | AW15: * | AX15: * | AY15: * | AZ15: 1 | BA15: 1 | BB15: 1 | BC15: 1 | BD15: * | BE15: * | BF15: * | BG15: 1 | BH15: 1 | BI15: 1 | BJ15: * | BK15: * | BL15: * | BM15: 1 | BN15: 1 | BO15: * | BP15: * | BQ15: * | BR15: 1 | BS15: * | BT15: * | BU15: * | BV15: * | BW15: * | BX15: * | BY15: * | BZ15: * | CA15: * | CB15: B | CC15: B | CD15: A | CE15: B | CF15: A | CG15: B | CH15: NO | CI15: B | CJ15: B | CK15: NO | CL15: B | CM15: B | CN15: NO | CO15: B | CP15: B
A16: M2 | B16: 8 | C16: 40876 | D16: one shot | E16: 1986 | F16: AES | G16: French | H16: No | I16: don't know | J16: Cooperate | K16: Distrust | L16: PS | M16: Other | N16: Tizi-Ouzan (Algeria) | O16: 5 | P16: 4 | Q16: Boxing, Self-defense | R16: mountain-biking | S16: Spacers | T16: Real Madrid | U16: Toulouse | V16: 4 | W16: 4 | X16: 10 | Y16: Friends | Z16: like a lot | AA16: like a lot | AB16: like a lot | AC16: like a lot | AD16: like | AE16: like | AF16: like a lot | AG16: * | AH16: * | AI16: like a lot | AJ16: like a lot | AK16: like a lot | AL16: like a lot | AM16: like | AN16: like | AO16: like a lot | AP16: * | AQ16: * | AR16: 0 | AS16: 1 | AT16: 1 | AU16: 1 | AV16: 0 | AW16: 1 | AX16: * | AY16: * | AZ16: 1 | BA16: 1 | BB16: 0 | BC16: 1 | BD16: 1 | BE16: * | BF16: * | BG16: 1 | BH16: 1 | BI16: 1 | BJ16: 1 | BK16: * | BL16: * | BM16: 1 | BN16: 1 | BO16: 1 | BP16: * | BQ16: * | BR16: 1 | BS16: 1 | BT16: * | BU16: * | BV16: 0 | BW16: * | BX16: * | BY16: * | BZ16: * | CA16: * | CB16: B | CC16: A | CD16: B | CE16: A | CF16: B | CG16: A | CH16: NO | CI16: B | CJ16: A | CK16: NO | CL16: B | CM16: A | CN16: NO | CO16: B | CP16: A
A17: M3 | B17: 1 | C17: 40876 | D17: two stage | E17: 1988 | F17: Politics | G17: French | H17: No | I17: don't know | J17: Defect | K17: Distrust | L17: PS | M17: Catholicism | N17: Ris-Orangis | O17: 2 | P17: 2 | Q17: * | R17: ping pong | S17: Spacers, Nationa team | T17: Saint Etiennes, Napoli, National team | U17: Toulouse, national team | V17: 2 | W17: 1 | X17: 9 | Y17: Best team | Z17: * | AA17: like a lot | AB17: like a lot | AC17: like | AD17: like | AE17: like | AF17: like | AG17: like | AH17: * | AI17: * | AJ17: like a lot | AK17: like | AL17: like | AM17: like | AN17: like | AO17: like | AP17: like | AQ17: * | AR17: * | AS17: * | AT17: * | AU17: * | AV17: * | AW17: * | AX17: * | AY17: * | AZ17: 1 | BA17: 0 | BB17: 0 | BC17: 1 | BD17: 1 | BE17: 0 | BF17: * | BG17: 1 | BH17: 0 | BI17: 0 | BJ17: 1 | BK17: 0 | BL17: * | BM17: 0 | BN17: 0 | BO17: 0 | BP17: 0 | BQ17: * | BR17: 0 | BS17: 1 | BT17: 0 | BU17: * | BV17: 0 | BW17: 0 | BX17: * | BY17: 0 | BZ17: * | CA17: * | CB17: A | CC17: B | CD17: B | CE17: B | CF17: B | CG17: B | CH17: NO | CI17: B | CJ17: B | CK17: NO | CL17: B | CM17: B | CN17: YES | CO17: A | CP17: A
A18: M3 | B18: 2 | C18: 40876 | D18: two stage | E18: 1989 | F18: Politics | G18: French | H18: Yes | I18: Fair | J18: Defect | K18: Distrust | L18: EELV | M18: Judaisme | N18: Castres | O18: 10 | P18: 3 | Q18: * | R18: E-sport | S18: Spacers | T18: Nice | U18: Castres | V18: 4 | W18: 3 | X18: 6 | Y18: Friends | Z18: like a lot | AA18: * | AB18: like | AC18: like | AD18: like | AE18: like | AF18: like | AG18: indifferent | AH18: * | AI18: like a lot | AJ18: * | AK18: like | AL18: indifferent | AM18: like | AN18: like | AO18: like | AP18: indifferent | AQ18: * | AR18: * | AS18: 1 | AT18: 1 | AU18: 1 | AV18: 1 | AW18: 1 | AX18: 0 | AY18: * | AZ18: * | BA18: * | BB18: * | BC18: * | BD18: * | BE18: * | BF18: * | BG18: 1 | BH18: 1 | BI18: 1 | BJ18: 1 | BK18: 0 | BL18: * | BM18: 0 | BN18: 1 | BO18: 0 | BP18: 0 | BQ18: * | BR18: 1 | BS18: 1 | BT18: 0 | BU18: * | BV18: 1 | BW18: 0 | BX18: * | BY18: 0 | BZ18: * | CA18: * | CB18: A | CC18: B | CD18: A | CE18: B | CF18: A | CG18: B | CH18: YES | CI18: B | CJ18: B | CK18: YES | CL18: A | CM18: A | CN18: NO | CO18: B | CP18: A
A19: M3 | B19: 3 | C19: 40876 | D19: two stage | E19: 1990 | F19: Politics | G19: French | H19: No | I19: Fair | J19: Defect | K19: Distrust | L19: PS | M19: Catholicism | N19: Lyon | O19: 5 | P19: 3 | Q19: futsal | R19: soccer, ping-pong, cycling, ski | S19: spacers | T19: Lyon | U19: Agen | V19: 3 | W19: 3 | X19: 3 | Y19: Friends | Z19: like | AA19: like | AB19: * | AC19: like a lot | AD19: like | AE19: like a lot | AF19: like a lot | AG19: like | AH19: * | AI19: like | AJ19: like | AK19: * | AL19: like a lot | AM19: like | AN19: like a lot | AO19: like | AP19: like | AQ19: * | AR19: 1 | AS19: * | AT19: 0 | AU19: 0 | AV19: 1 | AW19: 0 | AX19: 0 | AY19: * | AZ19: * | BA19: 0 | BB19: 0 | BC19: 1 | BD19: 0 | BE19: 0 | BF19: * | BG19: * | BH19: * | BI19: * | BJ19: * | BK19: * | BL19: * | BM19: 0 | BN19: 0 | BO19: 0 | BP19: 0 | BQ19: * | BR19: 0 | BS19: 1 | BT19: 0 | BU19: * | BV19: 1 | BW19: 0 | BX19: * | BY19: 1 | BZ19: * | CA19: * | CB19: B | CC19: B | CD19: A | CE19: B | CF19: A | CG19: B | CH19: YES | CI19: A | CJ19: A | CK19: YES | CL19: B | CM19: B | CN19: NO | CO19: A | CP19: B
A20: M3 | B20: 4 | C20: 40876 | D20: two stage | E20: 1990 | F20: Politics | G20: French | H20: No | I20: Unfair | J20: Defect | K20: Trust | L20: UMP | M20: Catholicism | N20: Paris | O20: 1 | P20: 2 | Q20: * | R20: Salsa, swimming | S20: Spacers | T20: Lyon | U20: Clermont | V20: 1 | W20: 1 | X20: 3 | Y20: indifferent | Z20: like a lot | AA20: like | AB20: like a lot | AC20: * | AD20: like | AE20: like | AF20: like | AG20: indifferent | AH20: * | AI20: like | AJ20: like | AK20: like a lot | AL20: * | AM20: like | AN20: like | AO20: indifferent | AP20: indifferent | AQ20: * | AR20: 1 | AS20: 0 | AT20: * | AU20: 0 | AV20: 0 | AW20: 0 | AX20: 0 | AY20: * | AZ20: 1 | BA20: * | BB20: 0 | BC20: 0 | BD20: 0 | BE20: 0 | BF20: * | BG20: * | BH20: 0 | BI20: 1 | BJ20: 0 | BK20: 0 | BL20: * | BM20: * | BN20: * | BO20: * | BP20: * | BQ20: * | BR20: 0 | BS20: 0 | BT20: 0 | BU20: * | BV20: 0 | BW20: 0 | BX20: * | BY20: 0 | BZ20: * | CA20: * | CB20: B | CC20: A | CD20: B | CE20: B | CF20: A | CG20: B | CH20: YES | CI20: A | CJ20: A | CK20: YES | CL20: B | CM20: A | CN20: YES | CO20: B | CP20: B
A21: M3 | B21: 5 | C21: 40876 | D21: two stage | E21: 1993 | F21: Politics | G21: French | H21: No | I21: don't know | J21: Don't know | K21: don't know | L21: PS | M21: Other | N21: Eloise | O21: 4 | P21: 3 | Q21: rugby | R21: rugby, mountain bike, running | S21: spacers | T21: Evian Thonon Gaillard | U21: Toulouse | V21: 2 | W21: 1 | X21: 7 | Y21: Friends | Z21: like a lot | AA21: like | AB21: like a lot | AC21: like | AD21: * | AE21: like a lot | AF21: like a lot | AG21: like | AH21: * | AI21: like | AJ21: like | AK21: like | AL21: like | AM21: * | AN21: like a lot | AO21: like a lot | AP21: like | AQ21: * | AR21: 1 | AS21: 1 | AT21: 1 | AU21: * | AV21: 1 | AW21: 1 | AX21: 0 | AY21: * | AZ21: 1 | BA21: 1 | BB21: * | BC21: 1 | BD21: 1 | BE21: 0 | BF21: * | BG21: 0 | BH21: * | BI21: 0 | BJ21: 0 | BK21: 0 | BL21: * | BM21: * | BN21: 1 | BO21: 0 | BP21: 0 | BQ21: * | BR21: * | BS21: * | BT21: * | BU21: * | BV21: 1 | BW21: 0 | BX21: * | BY21: 0 | BZ21: * | CA21: * | CB21: B | CC21: B | CD21: B | CE21: B | CF21: B | CG21: B | CH21: YES | CI21: B | CJ21: B | CK21: NO | CL21: A | CM21: B | CN21: NO | CO21: B | CP21: B
A22: M3 | B22: 6 | C22: 40876 | D22: two stage | E22: 1990 | F22: Politics | G22: French | H22: No | I22: Fair | J22: Defect | K22: Trust | L22: other | M22: other | N22: Charliar | O22: 8 | P22: 6 | Q22: * | R22: soccer, badminton | S22: spacers | T22: Lyon | U22: * | V22: 4 | W22: 4 | X22: 8 | Y22: Best team | Z22: like a lot | AA22: like a lot | AB22: like a lot | AC22: like a lot | AD22: like a lot | AE22: * | AF22: like a lot | AG22: like a lot | AH22: * | AI22: like a lot | AJ22: like | AK22: like a lot | AL22: like | AM22: like | AN22: * | AO22: like a lot | AP22: like | AQ22: * | AR22: 1 | AS22: 1 | AT22: 0 | AU22: 1 | AV22: * | AW22: 1 | AX22: 1 | AY22: * | AZ22: 0 | BA22: 0 | BB22: 1 | BC22: * | BD22: 0 | BE22: 0 | BF22: * | BG22: 1 | BH22: 0 | BI22: * | BJ22: 0 | BK22: 0 | BL22: * | BM22: 0 | BN22: * | BO22: 1 | BP22: 0 | BQ22: * | BR22: * | BS22: 0 | BT22: 0 | BU22: * | BV22: * | BW22: * | BX22: * | BY22: 0 | BZ22: * | CA22: * | CB22: B | CC22: B | CD22: A | CE22: B | CF22: A | CG22: B | CH22: YES | CI22: B | CJ22: B | CK22: NO | CL22: B | CM22: B | CN22: NO | CO22: A | CP22: B
A23: M3 | B23: 7 | C23: 40876 | D23: two stage | E23: 1988 | F23: Politics | G23: French | H23: No | I23: Fair | J23: Cooperate | K23: don't know | L23: PS | M23: Other | N23: Clermont-Ferrand | O23: 3 | P23: 2 | Q23: Triathlon | R23: tennis | S23: * | T23: OM | U23: Clermont | V23: 3 | W23: 3 | X23: 7 | Y23: Best team | Z23: like a lot | AA23: like | AB23: like a lot | AC23: like | AD23: like a lot | AE23: like a lot | AF23: * | AG23: like | AH23: * | AI23: like a lot | AJ23: like | AK23: like a lot | AL23: like | AM23: like a lot | AN23: like a lot | AO23: * | AP23: like | AQ23: * | AR23: 1 | AS23: 1 | AT23: 0 | AU23: 1 | AV23: 1 | AW23: * | AX23: 1 | AY23: * | AZ23: 1 | BA23: 1 | BB23: 1 | BC23: 1 | BD23: * | BE23: 1 | BF23: * | BG23: 1 | BH23: 1 | BI23: 1 | BJ23: * | BK23: 1 | BL23: * | BM23: 1 | BN23: 1 | BO23: * | BP23: 0 | BQ23: * | BR23: 1 | BS23: * | BT23: 0 | BU23: * | BV23: * | BW23: 0 | BX23: * | BY23: * | BZ23: * | CA23: * | CB23: B | CC23: A | CD23: B | CE23: A | CF23: B | CG23: A | CH23: YES | CI23: B | CJ23: B | CK23: NO | CL23: B | CM23: A | CN23: NO | CO23: B | CP23: A
A24: M4 | B24: 1 | C24: 40876 | D24: two stage | E24: 1990 | F24: Economics | G24: French | H24: No | I24: Fair | J24: Don't know | K24: Trust | L24: PS | M24: Other | N24: Caen | O24: 1 | P24: 0 | Q24: Athletisme | R24: Soccer | S24: * | T24: Caen, OM, Real Madrid | U24: Toulouse | V24: 1 | W24: 0 | X24: 0 | Y24: Friends | Z24: * | AA24: like | AB24: indifferent | AC24: dislike | AD24: like | AE24: like | AF24: like | AG24: like a lot | AH24: * | AI24: * | AJ24: like | AK24: indifferent | AL24: indifferent | AM24: like | AN24: like | AO24: indifferent | AP24: like | AQ24: * | AR24: * | AS24: * | AT24: * | AU24: * | AV24: * | AW24: * | AX24: * | AY24: * | AZ24: 1 | BA24: 0 | BB24: 0 | BC24: 1 | BD24: 0 | BE24: 1 | BF24: * | BG24: 0 | BH24: 0 | BI24: 0 | BJ24: 0 | BK24: 1 | BL24: * | BM24: 0 | BN24: 1 | BO24: 0 | BP24: 1 | BQ24: * | BR24: 1 | BS24: 1 | BT24: 1 | BU24: * | BV24: 1 | BW24: 1 | BX24: * | BY24: 1 | BZ24: * | CA24: * | CB24: B | CC24: B | CD24: B | CE24: B | CF24: B | CG24: A | CH24: YES | CI24: B | CJ24: B | CK24: NO | CL24: B | CM24: B | CN24: NO | CO24: B | CP24: A
A25: M4 | B25: 2 | C25: 40876 | D25: two stage | E25: 1987 | F25: Computer Sc | G25: French | H25: Yes | I25: Unfair | J25: Defect | K25: Distrust | L25: PS | M25: Other | N25: Liury-organ | O25: 7 | P25: 0 | Q25: * | R25: soccer, running, rugby,ski | S25: Toulouse | T25: Toulouse | U25: Toulouse | V25: 1 | W25: 1 | X25: 0 | Y25: indifferent | Z25: like | AA25: * | AB25: like | AC25: like | AD25: like | AE25: like | AF25: like | AG25: like | AH25: * | AI25: like | AJ25: * | AK25: indifferent | AL25: like | AM25: like | AN25: like | AO25: like | AP25: like | AQ25: * | AR25: * | AS25: 1 | AT25: 1 | AU25: 1 | AV25: 1 | AW25: 0 | AX25: 1 | AY25: * | AZ25: * | BA25: * | BB25: * | BC25: * | BD25: * | BE25: * | BF25: * | BG25: 0 | BH25: 1 | BI25: 1 | BJ25: 0 | BK25: 1 | BL25: * | BM25: 1 | BN25: 1 | BO25: 1 | BP25: 1 | BQ25: * | BR25: 1 | BS25: 0 | BT25: 1 | BU25: * | BV25: 1 | BW25: 1 | BX25: * | BY25: 1 | BZ25: * | CA25: * | CB25: B | CC25: B | CD25: B | CE25: B | CF25: B | CG25: B | CH25: NO | CI25: B | CJ25: B | CK25: NO | CL25: B | CM25: B | CN25: NO | CO25: B | CP25: B
A26: M4 | B26: 3 | C26: 40883 | D26: two stage | E26: 1987 | F26: Law | G26: French | H26: No | I26: don't know | J26: Defect | K26: Distrust | L26: PS | M26: Other | N26: Paris | O26: 3 | P26: 0 | Q26: swimming | R26: rugby | S26: Nice | T26: * | U26: RCT | V26: 1 | W26: 0 | X26: 0 | Y26: Friends | Z26: indifferent | AA26: like | AB26: * | AC26: like | AD26: like | AE26: like | AF26: like | AG26: like | AH26: * | AI26: like | AJ26: like | AK26: * | AL26: like | AM26: like | AN26: like | AO26: like | AP26: like | AQ26: * | AR26: 0 | AS26: * | AT26: 0 | AU26: 0 | AV26: 0 | AW26: 0 | AX26: 0 | AY26: * | AZ26: * | BA26: 0 | BB26: 0 | BC26: 0 | BD26: 0 | BE26: 0 | BF26: * | BG26: * | BH26: * | BI26: * | BJ26: * | BK26: * | BL26: * | BM26: 0 | BN26: 1 | BO26: 0 | BP26: 0 | BQ26: * | BR26: 0 | BS26: 0 | BT26: 0 | BU26: * | BV26: 0 | BW26: 0 | BX26: * | BY26: 0 | BZ26: * | CA26: * | CB26: A | CC26: B | CD26: A | CE26: B | CF26: A | CG26: B | CH26: NO | CI26: A | CJ26: B | CK26: NO | CL26: A | CM26: B | CN26: NO | CO26: A | CP26: B
A27: M4 | B27: 4 | C27: 40876 | D27: two stage | E27: 1991 | F27: Law | G27: French | H27: No | I27: Fair | J27: Defect | K27: Trust | L27: PS | M27: Catholicism | N27: St Vallier | O27: 1 | P27: 1 | Q27: * | R27: ski,tennis,rugby | S27: Toulouse | T27: Lyon | U27: Clermont | V27: 0 | W27: 0 | X27: 6 | Y27: Friends | Z27: like a lot | AA27: like a lot | AB27: like a lot | AC27: * | AD27: like a lot | AE27: like a lot | AF27: like a lot | AG27: like a lot | AH27: * | AI27: indifferent | AJ27: indifferent | AK27: indifferent | AL27: * | AM27: like | AN27: like | AO27: like | AP27: like | AQ27: * | AR27: 1 | AS27: 0 | AT27: * | AU27: 0 | AV27: 0 | AW27: 1 | AX27: 0 | AY27: * | AZ27: 0 | BA27: * | BB27: 1 | BC27: 0 | BD27: 0 | BE27: 0 | BF27: * | BG27: * | BH27: 0 | BI27: 1 | BJ27: 0 | BK27: 1 | BL27: * | BM27: * | BN27: * | BO27: * | BP27: * | BQ27: * | BR27: 0 | BS27: 1 | BT27: 0 | BU27: * | BV27: 1 | BW27: 1 | BX27: * | BY27: 0 | BZ27: * | CA27: * | CB27: B | CC27: B | CD27: B | CE27: B | CF27: B | CG27: B | CH27: YES | CI27: B | CJ27: B | CK27: YES | CL27: B | CM27: B | CN27: YES | CO27: B | CP27: B
A28: M4 | B28: 5 | C28: 40876 | D28: two stage | E28: 1993 | F28: Law | G28: Italian | H28: No | I28: Fair | J28: Don't know | K28: Distrust | L28: PS | M28: Other | N28: Venise (Italy) | O28: 1 | P28: 3 | Q28: swimming | R28: soccer | S28: spacers | T28: AC Milan | U28: Benetton Treviso | V28: 1 | W28: 1 | X28: 6 | Y28: Friends | Z28: like | AA28: like | AB28: like | AC28: like | AD28: * | AE28: like | AF28: like | AG28: like | AH28: * | AI28: like | AJ28: like | AK28: like | AL28: like | AM28: * | AN28: like | AO28: like | AP28: like | AQ28: * | AR28: 1 | AS28: 0 | AT28: 0 | AU28: * | AV28: 1 | AW28: 0 | AX28: 0 | AY28: * | AZ28: 0 | BA28: 0 | BB28: * | BC28: 0 | BD28: 0 | BE28: 0 | BF28: * | BG28: 0 | BH28: * | BI28: 0 | BJ28: 0 | BK28: 0 | BL28: * | BM28: * | BN28: 0 | BO28: 1 | BP28: 0 | BQ28: * | BR28: * | BS28: * | BT28: * | BU28: * | BV28: 1 | BW28: 1 | BX28: * | BY28: 0 | BZ28: * | CA28: * | CB28: A | CC28: B | CD28: A | CE28: B | CF28: A | CG28: B | CH28: NO | CI28: A | CJ28: A | CK28: NO | CL28: A | CM28: A | CN28: NO | CO28: A | CP28: B
A29: M4 | B29: 6 | C29: 40876 | D29: two stage | E29: 1991 | F29: Management | G29: French | H29: No | I29: Fair | J29: Defect | K29: Distrust | L29: UMP | M29: Bouddhism | N29: Paris | O29: 5 | P29: 1 | Q29: ping pong | R29: soccer | S29: Paris | T29: Paris | U29: Paris | V29: 1 | W29: 1 | X29: 0 | Y29: Best team | Z29: like | AA29: like | AB29: dislike | AC29: like | AD29: dislike | AE29: * | AF29: like | AG29: like | AH29: * | AI29: like | AJ29: like | AK29: like | AL29: like | AM29: like | AN29: * | AO29: like | AP29: like | AQ29: * | AR29: 0 | AS29: 0 | AT29: 0 | AU29: 1 | AV29: * | AW29: 1 | AX29: 0 | AY29: * | AZ29: 0 | BA29: 1 | BB29: 0 | BC29: * | BD29: 0 | BE29: 1 | BF29: * | BG29: 1 | BH29: 0 | BI29: * | BJ29: 0 | BK29: 1 | BL29: * | BM29: 0 | BN29: * | BO29: 1 | BP29: 1 | BQ29: * | BR29: * | BS29: 1 | BT29: 0 | BU29: * | BV29: * | BW29: * | BX29: * | BY29: 0 | BZ29: * | CA29: * | CB29: B | CC29: A | CD29: B | CE29: A | CF29: B | CG29: A | CH29: NO | CI29: B | CJ29: A | CK29: NO | CL29: B | CM29: A | CN29: NO | CO29: B | CP29: A
A30: M4 | B30: 7 | C30: 40876 | D30: two stage | E30: 1993 | F30: Economics | G30: French | H30: No | I30: Fair | J30: Defect | K30: Distrust | L30: PS | M30: Catholicism | N30: St Claude | O30: 2 | P30: 2 | Q30: * | R30: soccer | S30: Brazil | T30: Barca | U30: Toulouse | V30: 1 | W30: 2 | X30: 7 | Y30: Best team | Z30: like | AA30: like | AB30: like | AC30: like | AD30: like | AE30: like | AF30: * | AG30: like | AH30: * | AI30: like | AJ30: like | AK30: like | AL30: like | AM30: like | AN30: like | AO30: * | AP30: like | AQ30: * | AR30: 1 | AS30: 1 | AT30: 1 | AU30: 1 | AV30: 1 | AW30: * | AX30: 1 | AY30: * | AZ30: 1 | BA30: 1 | BB30: 1 | BC30: 1 | BD30: * | BE30: 1 | BF30: * | BG30: 1 | BH30: 1 | BI30: 1 | BJ30: * | BK30: 1 | BL30: * | BM30: 1 | BN30: 1 | BO30: * | BP30: 1 | BQ30: * | BR30: 1 | BS30: * | BT30: 1 | BU30: * | BV30: * | BW30: 1 | BX30: * | BY30: * | BZ30: * | CA30: * | CB30: B | CC30: B | CD30: B | CE30: B | CF30: B | CG30: B | CH30: YES | CI30: B | CJ30: B | CK30: NO | CL30: B | CM30: B | CN30: NO | CO30: B | CP30: B
A31: M4 | B31: 8 | C31: 40876 | D31: two stage | E31: 1993 | F31: Economics | G31: French | H31: No | I31: Fair | J31: Don't know | K31: Distrust | L31: PS | M31: Other | N31: Caen | O31: 5 | P31: 2 | Q31: * | R31: team sports, snowboard | S31: Toulouse | T31: OM | U31: Toulouse | V31: 1 | W31: 1 | X31: 6 | Y31: indifferent | Z31: like | AA31: like | AB31: like | AC31: like | AD31: indifferent | AE31: like | AF31: like | AG31: * | AH31: * | AI31: like | AJ31: like | AK31: like | AL31: like | AM31: indifferent | AN31: like | AO31: like | AP31: * | AQ31: * | AR31: 0 | AS31: 0 | AT31: 0 | AU31: 0 | AV31: 0 | AX31: * | AY31: * | AZ31: 1 | BA31: 0 | BB31: 0 | BC31: 0 | BD31: 0 | BE31: * | BF31: * | BG31: 0 | BH31: 0 | BI31: 0 | BJ31: 0 | BK31: * | BL31: * | BM31: 0 | BN31: 0 | BO31: 0 | BP31: * | BQ31: * | BR31: 0 | BS31: 0 | BT31: * | BU31: * | BV31: 0 | BW31: * | BX31: * | BY31: * | BZ31: * | CA31: * | CB31: A | CC31: B | CD31: A | CE31: B | CF31: A | CG31: B | CH31: NO | CI31: A | CJ31: B | CK31: NO | CL31: A | CM31: B | CN31: NO | CO31: A | CP31: B
A32: M5 | B32: 1 | C32: 40876 | D32: two stage | E32: 1990 | F32: Law | G32: French | H32: No | I32: Fair | J32: Defect | K32: Trust | L32: PS | M32: Other | N32: Toulouse | O32: 2 | P32: 2 | Q32: * | R32: Handball | S32: * | T32: TFC | U32: Toulouse | V32: 2 | W32: 2 | X32: 2 | Y32: Friends | Z32: * | AA32: like | AB32: like a lot | AC32: indifferent | AD32: like a lot | AE32: indifferent | AF32: dislike | AG32: * | AH32: * | AI32: * | AJ32: like | AK32: like a lot | AL32: indifferent | AM32: like a lot | AN32: indifferent | AO32: like | AP32: * | AQ32: * | AR32: * | AS32: * | AT32: * | AU32: * | AV32: * | AW32: * | AX32: * | AY32: * | AZ32: 1 | BA32: 0 | BB32: 0 | BC32: 0 | BD32: 0 | BE32: * | BF32: * | BG32: 0 | BH32: 1 | BI32: 0 | BJ32: 0 | BK32: * | BL32: * | BM32: 0 | BN32: 0 | BO32: 0 | BP32: * | BQ32: * | BR32: 0 | BS32: 0 | BT32: * | BU32: * | BV32: 0 | BW32: * | BX32: * | BY32: * | BZ32: * | CA32: * | CB32: B | CC32: B | CD32: B | CE32: B | CF32: B | CG32: B | CH32: YES | CI32: B | CJ32: B | CK32: YES | CL32: B | CM32: B | CN32: NO | CO32: B | CP32: B
A33: M5 | B33: 2 | C33: 40876 | D33: two stage | E33: 1989 | F33: Law | G33: French | H33: No | I33: don't know | J33: Cooperate | K33: Distrust | L33: Other | M33: Other | N33: Toulouse | O33: 1 | P33: 0 | Q33: * | R33: soccer | S33: * | T33: national team | U33: Toulouse | V33: 1 | W33: 0 | X33: 1 | Y33: indifferent | Z33: like | AA33: * | AB33: like | AC33: like | AD33: like | AE33: like | AF33: indifferent | AG33: * | AH33: * | AI33: like | AJ33: * | AK33: like | AL33: like | AM33: like | AN33: like | AO33: like | AP33: * | AQ33: * | AR33: * | AS33: 1 | AT33: 0 | AU33: 1 | AV33: 0 | AW33: 0 | AX33: * | AY33: * | AZ33: * | BA33: * | BB33: * | BC33: * | BD33: * | BE33: * | BF33: * | BG33: 0 | BH33: 1 | BI33: 0 | BJ33: 0 | BK33: * | BL33: * | BM33: 0 | BN33: 0 | BO33: 0 | BP33: * | BQ33: * | BR33: 0 | BS33: 0 | BT33: * | BU33: * | BV33: 0 | BW33: * | BX33: * | BY33: * | BZ33: * | CA33: * | CB33: B | CC33: B | CD33: A | CE33: B | CF33: B | CG33: A | CH33: YES | CI33: A | CJ33: A | CK33: YES | CL33: B | CM33: B | CN33: NO | CO33: A | CP33: B
A34: M5 | B34: 3 | C34: 40876 | D34: two stage | E34: 1987 | F34: Law | G34: French | H34: No | I34: don't know | J34: Cooperate | K34: Trust | L34: PCF | M34: Catholicism | N34: Villeneuve/lot | O34: 2 | P34: 0 | Q34: * | R34: running | S34: * | T34: Bordeaux | U34: Agen | V34: 1 | W34: 1 | X34: 1 | Y34: Friends | Z34: like | AA34: like a lot | AB34: * | AC34: indifferent | AD34: like | AE34: indifferent | AF34: indifferent | AG34: * | AH34: * | AI34: like | AJ34: like a lot | AK34: * | AL34: indifferent | AM34: like | AN34: indifferent | AO34: indifferent | AP34: * | AQ34: * | AR34: 0 | AS34: * | AT34: 0 | AU34: 1 | AV34: 0 | AW34: 0 | AX34: * | AY34: * | AZ34: * | BA34: 0 | BB34: 0 | BC34: 0 | BD34: 0 | BE34: * | BF34: * | BG34: * | BH34: * | BI34: * | BJ34: * | BK34: * | BL34: * | BM34: 0 | BN34: 0 | BO34: 0 | BP34: * | BQ34: * | BR34: 0 | BS34: 0 | BT34: * | BU34: * | BV34: 0 | BW34: * | BX34: * | BY34: * | BZ34: * | CA34: * | CB34: B | CC34: B | CD34: A | CE34: B | CF34: A | CG34: B | CH34: NO | CI34: B | CJ34: B | CK34: NO | CL34: A | CM34: B | CN34: NO | CO34: A | CP34: B
A35: M5 | B35: 4 | C35: 40876 | D35: two stage | E35: 1993 | F35: Politics | G35: French | H35: No | I35: Unfair | J35: Cooperate | K35: Trust | L35: EELV | M35: Bouddhism | N35: Groix | O35: 2 | P35: 2 | Q35: * | R35: climbing, tennis, swimming | S35: * | T35: * | U35: * | V35: 0 | W35: 0 | X35: 0 | Y35: indifferent | Z35: like | AA35: like | AB35: like | AC35: * | AD35: indifferent | AE35: indifferent | AF35: like | AG35: * | AH35: * | AI35: like | AJ35: like | AK35: like | AL35: * | AM35: like | AN35: indifferent | AO35: like | AP35: * | AQ35: * | AR35: 1 | AS35: 1 | AT35: * | AU35: 1 | AV35: 0 | AW35: 0 | AX35: * | AY35: * | AZ35: 1 | BA35: * | BB35: 1 | BC35: 0 | BD35: 0 | BE35: * | BF35: * | BG35: * | BH35: 1 | BI35: 0 | BJ35: 0 | BK35: * | BL35: * | BM35: * | BN35: * | BO35: * | BP35: * | BQ35: * | BR35: 0 | BS35: 0 | BT35: * | BU35: * | BV35: 0 | BW35: * | BX35: * | BY35: * | BZ35: * | CA35: * | CB35: B | CC35: B | CD35: B | CE35: B | CF35: B | CG35: B | CH35: YES | CI35: B | CJ35: B | CK35: YES | CL35: B | CM35: B | CN35: YES | CO35: B | CP35: B
A36: M5 | B36: 5 | C36: 40876 | D36: two stage | E36: 1992 | F36: AES | G36: French | H36: No | I36: Fair | J36: Defect | K36: Distrust | L36: UMP | M36: Islam | N36: Dola | O36: 2 | P36: 0 | Q36: * | R36: soccer, judo | S36: Toulouse | T36: Lyon | U36: Toulouse | V36: 2 | W36: 1 | X36: 2 | Y36: Friends | Z36: like | AA36: like | AB36: like | AC36: indifferent | AD36: * | AE36: indifferent | AF36: indifferent | AG36: * | AH36: * | AI36: like | AJ36: like | AK36: like | AL36: indifferent | AM36: * | AN36: indifferent | AO36: indifferent | AP36: * | AQ36: * | AR36: 1 | AS36: 1 | AT36: 0 | AU36: * | AV36: 0 | AW36: 0 | AX36: * | AY36: * | AZ36: 1 | BA36: 0 | BB36: * | BC36: 0 | BD36: 0 | BE36: * | BF36: * | BG36: 0 | BH36: * | BI36: 0 | BJ36: 0 | BK36: * | BL36: * | BM36: * | BN36: 0 | BO36: 0 | BP36: * | BQ36: * | BR36: * | BS36: * | BT36: * | BU36: * | BV36: 0 | BW36: * | BX36: * | BY36: * | BZ36: * | CA36: * | CB36: A | CC36: A | CD36: A | CE36: A | CF36: A | CG36: A | CH36: YES | CI36: B | CJ36: B | CK36: YES | CL36: A | CM36: A | CN36: NO | CO36: B | CP36: A
A37: M5 | B37: 6 | C37: 40883 | D37: two stage | E37: 1985 | F37: Law | G37: Bulgarian | H37: Yes | I37: Unfair | J37: Defect | K37: Distrust | L37: Other | M37: Other | N37: Sofia (Bulgaria) | O37: 6 | P37: 0 | Q37: * | R37: soccer, tennir, swimming | S37: national team | T37: Barca, Levski | U37: Toulouse | V37: 6 | W37: 1 | X37: 0 | Y37: Friends | Z37: indifferent | AA37: like | AB37: like | AC37: indifferent | AD37: indifferent | AE37: * | AF37: dislike | AG37: * | AH37: * | AI37: indifferent | AJ37: indifferent | AK37: like | AL37: indifferent | AM37: indifferent | AN37: like a lot | AO37: dislike | AP37: * | AQ37: * | AR37: 1 | AS37: 0 | AT37: 0 | AU37: 0 | AV37: * | AW37: 0 | AX37: * | AY37: * | AZ37: 0 | BA37: 0 | BB37: 0 | BC37: * | BD37: 0 | BE37: * | BF37: * | BG37: 0 | BH37: 0 | BI37: * | BJ37: 0 | BK37: * | BL37: * | BM37: 0 | BN37: * | BO37: 0 | BP37: * | BQ37: * | BR37: * | BS37: 0 | BT37: * | BU37: * | BV37: * | BW37: * | BX37: * | BY37: * | BZ37: * | CA37: * | CB37: A | CC37: A | CD37: A | CE37: A | CF37: A | CG37: A | CH37: YES | CI37: A | CJ37: A | CK37: YES | CL37: A | CM37: B | CN37: YES | CO37: A | CP37: A
A38: M5 | B38: 7 | C38: 40876 | D38: two stage | E38: 1988 | F38: Law | G38: German | H38: Yes | I38: don't know | J38: Defect | K38: don't know | L38: EELV | M38: Protestantism | N38: Berlin (Germany) | O38: 4 | P38: 0 | Q38: tennis | R38: * | S38: France | T38: Berlin | U38: Toulouse | V38: 0 | W38: 0 | X38: 0 | Y38: indifferent | Z38: indifferent | AA38: like | AB38: like | AC38: like | AD38: like | AE38: like | AG38: * | AH38: * | AI38: indifferent | AJ38: indifferent | AK38: indifferent | AL38: like | AM38: indifferent | AN38: like | AO38: * | AP38: * | AQ38: * | AR38: 1 | AS38: 1 | AT38: 0 | AU38: 1 | AV38: 0 | AW38: * | AX38: * | AY38: * | AZ38: 1 | BA38: 0 | BB38: 0 | BC38: 0 | BD38: * | BE38: * | BF38: * | BG38: 0 | BH38: 0 | BI38: 0 | BJ38: * | BK38: * | BL38: * | BM38: 0 | BN38: 0 | BO38: * | BP38: * | BQ38: * | BR38: 0 | BS38: * | BT38: * | BU38: * | BV38: * | BW38: * | BX38: * | BY38: * | BZ38: * | CA38: * | CB38: B | CC38: B | CD38: B | CE38: B | CF38: A | CG38: B | CH38: YES | CI38: B | CJ38: B | CK38: YES | CL38: A | CM38: B | CN38: YES | CO38: A | CP38: B
A39: F1 | B39: 1 | C39: 40876 | D39: one shot | E39: 1989 | F39: Politics | G39: French | H39: No | I39: don't know | J39: Defect | K39: Distrust | L39: PS | M39: Other | N39: Quimper | O39: 13 | P39: 4 | Q39: * | R39: running, beach volley | S39: Spacers, Nationa team | T39: * | U39: Toulouse, national team | V39: 5 | W39: 5 | X39: 5 | Y39: Best team | Z39: * | AA39: like a lot | AB39: * | AC39: like a lot | AD39: like | AE39: like a lot | AF39: like | AG39: like | AH39: like a lot | AI39: * | AJ39: like a lot | AK39: * | AL39: like a lot | AM39: like | AN39: like a lot | AO39: like | AP39: like | AQ39: like a lot | AR39: * | AS39: * | AT39: * | AU39: * | AV39: * | AW39: * | AX39: * | AY39: * | AZ39: * | BA39: 1 | BB39: 0 | BC39: 1 | BD39: 0 | BE39: 0 | BF39: 1 | BG39: * | BH39: * | BI39: * | BJ39: * | BK39: * | BL39: * | BM39: 1 | BN39: 1 | BO39: 0 | BP39: 0 | BQ39: 1 | BR39: 0 | BS39: 0 | BT39: 0 | BU39: 0 | BV39: 0 | BW39: 0 | BX39: 1 | BY39: 0 | BZ39: 0 | CA39: 0 | CB39: B | CC39: B | CD39: B | CE39: B | CF39: B | CG39: B | CH39: YES | CI39: B | CJ39: B | CK39: YES | CL39: B | CM39: B | CN39: YES | CO39: B | CP39: B
A40: F1 | B40: 2 | C40: 40876 | D40: one shot | E40: 1989 | F40: Politics | G40: French | H40: Yes | I40: don't know | J40: Don't know | K40: don't know | L40: PS | M40: Other | N40: La rochelle | O40: 12 | P40: * | Q40: * | R40: running | S40: * | T40: * | U40: * | V40: 5 | W40: 5 | X40: 2 | Y40: Best team | Z40: like a lot | AA40: * | AB40: * | AC40: like a lot | AD40: like | AE40: like a lot | AF40: like | AG40: like | AH40: like a lot | AI40: like a lot | AJ40: * | AK40: * | AL40: like a lot | AM40: like | AN40: like a lot | AO40: like | AP40: like | AQ40: like a lot | AR40: * | AS40: * | AT40: 1 | AU40: 0 | AV40: 1 | AW40: 0 | AX40: 0 | AY40: 1 | AZ40: * | BA40: * | BB40: * | BC40: * | BD40: * | BE40: * | BF40: * | BG40: * | BH40: * | BI40: * | BJ40: * | BK40: * | BL40: * | BM40: 0 | BN40: 1 | BO40: 0 | BP40: 0 | BQ40: 1 | BR40: 0 | BS40: 0 | BT40: 0 | BU40: 0 | BV40: 0 | BW40: 0 | BX40: 1 | BY40: 0 | BZ40: 0 | CA40: 0 | CB40: B | CC40: B | CD40: B | CE40: B | CF40: B | CG40: B | CH40: YES | CI40: B | CJ40: B | CK40: YES | CL40: B | CM40: B | CN40: NO | CO40: B | CP40: B
A41: F1 | B41: 4 | C41: 40876 | D41: one shot | E41: 1988 | F41: Politics | G41: French | H41: No | I41: Fair | J41: Defect | K41: Trust | L41: PS | M41: Other | N41: Nice | O41: 10 | P41: 4 | Q41: * | R41: cycling, paragliding, ski, trekking | S41: spacers, Cannes | T41: * | U41: Toulouse | V41: 5 | W41: 5 | X41: 3 | Y41: Friends | Z41: like a lot | AA41: like a lot | AB41: * | AC41: * | AD41: like a lot | AE41: like | AF41: indifferent | AG41: like | AH41: like | AI41: like a lot | AJ41: like a lot | AK41: * | AL41: * | AM41: like a lot | AN41: like | AO41: like | AP41: like | AQ41: like | AR41: 1 | AS41: * | AT41: * | AU41: 0 | AV41: 1 | AW41: 1 | AX41: 1 | AY41: 1 | AZ41: * | BA41: * | BB41: 1 | BC41: 1 | BD41: 1 | BE41: 1 | BF41: 1 | BG41: * | BH41: * | BI41: * | BJ41: * | BK41: * | BL41: * | BM41: * | BN41: * | BO41: * | BP41: * | BQ41: * | BR41: 0 | BS41: 0 | BT41: 1 | BU41: 0 | BV41: 0 | BW41: 0 | BX41: 1 | BY41: 0 | BZ41: 0 | CA41: 0 | CB41: B | CC41: B | CD41: B | CE41: A | CF41: B | CG41: A | CH41: YES | CI41: B | CJ41: B | CK41: YES | CL41: B | CM41: A | CN41: NO | CO41: A | CP41: B
A42: F1 | B42: 5 | C42: 40883 | D42: one shot | E42: 1990 | F42: Politics | G42: Russian | H42: Yes | I42: Fair | J42: Defect | K42: Distrust | L42: Other | M42: Other | N42: Moscow (Russia) | O42: 6 | P42: 6 | Q42: dancing | R42: beach volley | S42: national team | T42: * | U42: Toulouse | V42: 1 | W42: 1 | X42: 2 | Y42: Best team | Z42: like | AA42: like | AB42: * | AC42: like a lot | AD42: * | AE42: dislike | AF42: indifferent | AG42: like | AH42: dislike | AI42: like | AJ42: indifferent | AK42: * | AL42: like | AM42: * | AN42: dislike | AO42: indifferent | AP42: indifferent | AQ42: dislike | AR42: 1 | AS42: * | AT42: 1 | AU42: * | AV42: 0 | AW42: 0 | AX42: 0 | AY42: 0 | AZ42: * | BA42: 1 | BB42: * | BC42: 0 | BD42: 0 | BE42: 0 | BF42: 0 | BG42: * | BH42: * | BI42: * | BJ42: * | BK42: * | BL42: * | BM42: * | BN42: 0 | BO42: 0 | BP42: 1 | BQ42: 0 | BR42: * | BS42: * | BT42: * | BU42: * | BV42: 0 | BW42: 0 | BX42: 1 | BY42: 0 | BZ42: 0 | CA42: 0 | CB42: B | CC42: B | CD42: B | CE42: B | CF42: B | CG42: B | CH42: YES | CI42: B | CJ42: B | CK42: YES | CL42: B | CM42: B | CN42: YES | CO42: B | CP42: B
A43: F1 | B43: 6 | C43: 40892 | D43: one shot | E43: 1993 | F43: AES | G43: French | H43: No | I43: Fair | J43: Defect | K43: Distrust | L43: PS | M43: Other | N43: Toulouse | O43: 7 | P43: 8 | Q43: * | R43: ski | S43: spacers, union | T43: * | U43: Toulouse | V43: 2 | W43: 2 | X43: 1 | Y43: Best team | Z43: like a lot | AA43: like a lot | AB43: * | AC43: like a lot | AD43: indifferent | AE43: * | AF43: like | AG43: like a lot | AH43: like a lot | AI43: like a lot | AJ43: like a lot | AK43: * | AL43: like | AM43: indifferent | AN43: * | AO43: like | AP43: like a lot | AQ43: like a lot | AR43: 1 | AS43: 0 | AT43: 0 | AU43: 0 | AV43: * | AW43: 0 | AX43: 0 | AY43: 0 | AZ43: 0 | BA43: 0 | BB43: 0 | BC43: * | BD43: 0 | BE43: 0 | BF43: 0 | BG43: * | BH43: * | BI43: * | BJ43: * | BK43: * | BL43: * | BM43: 0 | BN43: * | BO43: 1 | BP43: 0 | BQ43: 0 | BR43: * | BS43: 0 | BT43: 0 | BU43: 0 | BV43: * | BW43: * | BX43: * | BY43: 0 | BZ43: 0 | CA43: 0 | CB43: B | CC43: B | CD43: A | CE43: A | CF43: B | CG43: B | CH43: YES | CI43: A | CJ43: B | CK43: NO | CL43: A | CM43: A | CN43: NO | CO43: A | CP43: B
A44: F1 | B44: 7 | C44: 40876 | D44: one shot | E44: 1992 | F44: AES | G44: Spanish | H44: No | I44: don't know | J44: Cooperate | K44: Distrust | L44: Other | M44: Catholicism | N44: Nicaragua, Leon | O44: 4 | P44: 0 | Q44: * | R44: Dancing | S44: Brazil | T44: Barca | U44: * | V44: 0 | W44: 0 | X44: 0 | Y44: Best team | Z44: like | AA44: like | AB44: * | AC44: like | AD44: like | AE44: like | AF44: * | AG44: like | AH44: indifferent | AI44: like | AJ44: indifferent | AK44: * | AL44: like | AM44: like | AN44: indifferent | AO44: * | AP44: indifferent | AQ44: indifferent | AR44: 0 | AS44: * | AT44: 1 | AU44: 0 | AV44: 0 | AW44: * | AX44: 0 | AY44: 0 | AZ44: * | BA44: 1 | BB44: 0 | BC44: 0 | BD44: 0 | BE44: * | BF44: 0 | BG44: * | BH44: * | BI44: * | BJ44: * | BK44: * | BL44: * | BM44: 0 | BN44: 0 | BO44: * | BP44: 1 | BQ44: 0 | BR44: 0 | BS44: * | BT44: 1 | BU44: 0 | BV44: * | BW44: 0 | BX44: 1 | BY44: * | BZ44: * | CA44: 0 | CB44: B | CC44: B | CD44: A | CE44: A | CF44: B | CG44: B | CH44: YES | CI44: B | CJ44: A | CK44: YES | CL44: A | CM44: B | CN44: YES | CO44: B | CP44: A
A45: F1 | B45: 8 | C45: 40876 | D45: one shot | E45: 1991 | F45: Economics | G45: French | H45: No | I45: Unfair | J45: Defect | K45: Distrust | L45: Other | M45: Bouddhism | N45: Toulouse | O45: 9 | P45: 4 | Q45: tennis | R45: * | S45: Cannes | T45: Montpelier | U45: Toulouse | V45: 3 | W45: 1 | X45: 4 | Y45: Friends | Z45: like a lot | AA45: like | AB45: * | AC45: like a lot | AD45: indifferent | AE45: like a lot | AF45: indifferent | AG45: * | AH45: like | AI45: like a lot | AJ45: indifferent | AK45: * | AL45: like a lot | AM45: indifferent | AN45: like a lot | AO45: indifferent | AP45: * | AQ45: like a lot | AR45: 1 | AS45: * | AT45: 0 | AU45: 0 | AV45: 0 | AW45: 0 | AX45: * | AY45: 0 | AZ45: * | BA45: 0 | BB45: 0 | BC45: 0 | BD45: 0 | BE45: * | BF45: 0 | BG45: * | BH45: * | BI45: * | BJ45: * | BK45: * | BL45: * | BM45: 0 | BN45: 0 | BO45: 0 | BP45: * | BQ45: 0 | BR45: 0 | BS45: 1 | BT45: * | BU45: 0 | BV45: 0 | BW45: * | BX45: 1 | BY45: * | BZ45: 0 | CA45: * | CB45: A | CC45: A | CD45: A | CE45: B | CF45: A | CG45: A | CH45: NO | CI45: B | CJ45: B | CK45: YES | CL45: * | CM45: A | CN45: YES | CO45: B | CP45: A
A46: F2 | B46: 1 | C46: 40876 | D46: one shot | E46: 1988 | F46: Management | G46: French | H46: No | I46: Unfair | J46: Cooperate | K46: Distrust | L46: UMP | M46: Catholicism | N46: Rouen | O46: 5 | P46: 0 | Q46: horse riding | R46: * | S46: spacers, St Orens | T46: Auxerre, Benfica, Real Madrid | U46: national team, Toulouse | V46: 3 | W46: 1 | X46: 2 | Y46: Best team | Z46: * | AA46: dislike | AB46: like | AC46: like | AD46: like a lot | AE46: like | AF46: like | AG46: dislike | AH46: like a lot | AI46: * | AJ46: dislike | AK46: like | AL46: like | AM46: like a lot | AN46: like | AO46: like | AP46: dislike | AQ46: like a lot | AR46: * | AS46: * | AT46: * | AU46: * | AV46: * | AW46: * | AX46: * | AY46: * | AZ46: 0 | BA46: 0 | BB46: 0 | BC46: 0 | BD46: 0 | BE46: 1 | BF46: 0 | BG46: 0 | BH46: 0 | BI46: 0 | BJ46: 0 | BK46: 0 | BL46: 0 | BM46: 0 | BN46: 0 | BO46: 0 | BP46: 0 | BQ46: 0 | BR46: 0 | BS46: 0 | BT46: 0 | BU46: 1 | BV46: 0 | BW46: 0 | BX46: 0 | BY46: 0 | BZ46: 0 | CA46: 0 | CB46: A | CC46: B | CD46: A | CE46: A | CF46: A | CG46: A | CH46: YES | CI46: B | CJ46: A | CK46: YES | CL46: B | CM46: B | CN46: YES | CO46: B | CP46: B
A47: F2 | B47: 2 | C47: 40876 | D47: one shot | E47: 1992 | F47: Economics | G47: French | H47: No | I47: Fair | J47: Don't know | K47: Trust | L47: * | M47: Catholicism | N47: Saumur | O47: 4 | P47: 8 | Q47: * | R47: ski, ping pong, windsurfing | S47: spacers | T47: national team | U47: Toulouse | V47: 0 | W47: 0 | X47: 1 | Y47: Friends | Z47: indifferent | AA47: * | AB47: like | AC47: like | AD47: like | AE47: like | AF47: indifferent | AG47: like | AH47: indifferent | AI47: indifferent | AJ47: * | AK47: like | AL47: like | AM47: like | AN47: indifferent | AO47: indifferent | AP47: like | AQ47: indifferent | AR47: * | AS47: 0 | AT47: 0 | AU47: 1 | AV47: 0 | AW47: 0 | AX47: 0 | AY47: 0 | AZ47: * | BA47: * | BB47: * | BC47: * | BD47: * | BE47: * | BF47: * | BG47: 1 | BH47: 0 | BI47: 0 | BJ47: 0 | BK47: 1 | BL47: 0 | BM47: 0 | BN47: 0 | BO47: 0 | BP47: 1 | BQ47: 0 | BR47: 0 | BS47: 0 | BT47: 0 | BU47: 0 | BV47: 0 | BW47: 0 | BX47: 0 | BY47: 0 | BZ47: 0 | CA47: 0 | CB47: A | CC47: B | CD47: A | CE47: B | CF47: A | CG47: B | CH47: YES | CI47: A | CJ47: B | CK47: YES | CL47: A | CM47: B | CN47: YES | CO47: A | CP47: B
A48: F2 | B48: 3 | C48: 40876 | D48: one shot | E48: 1992 | F48: Economics | G48: Spanish | H48: No | I48: Unfair | J48: Cooperate | K48: Distrust | L48: MoDem | M48: Catholicism | N48: Pereira, Riscralda (Colombia) | O48: 8 | P48: 2 | Q48: * | R48: swimming | S48: * | T48: barca | U48: * | V48: 0 | W48: 0 | X48: 2 | Y48: Best team | Z48: indifferent | AA48: like | AB48: * | AC48: like a lot | AD48: indifferent | AE48: dislike | AF48: indifferent | AG48: like a lot | AH48: dislike | AI48: indifferent | AJ48: like | AK48: * | AL48: like a lot | AM48: indifferent | AN48: indifferent | AO48: indifferent | AP48: like a lot | AQ48: indifferent | AR48: 0 | AS48: * | AT48: 0 | AU48: 0 | AV48: 1 | AW48: 0 | AX48: 0 | AY48: 1 | AZ48: * | BA48: 1 | BB48: 0 | BC48: 0 | BD48: 1 | BE48: 0 | BF48: 0 | BG48: * | BH48: * | BI48: * | BJ48: * | BK48: * | BL48: * | BM48: 0 | BN48: 0 | BO48: 0 | BP48: 1 | BQ48: 0 | BR48: 0 | BS48: 0 | BT48: 0 | BU48: 1 | BV48: 0 | BW48: 0 | BX48: 0 | BY48: 0 | BZ48: 0 | CA48: 0 | CB48: A | CC48: A | CD48: B | CE48: A | CF48: A | CG48: A | CH48: YES | CI48: B | CJ48: B | CK48: YES | CL48: B | CM48: A | CN48: NO | CO48: B | CP48: A
A49: F2 | B49: 4 | C49: 40876 | D49: one shot | E49: 1990 | F49: Economics | G49: Polish | H49: Yes | I49: Fair | J49: Defect | K49: Distrust | L49: Other | M49: Catholicism | N49: Varsovie (Poland) | O49: 5 | P49: 3 | Q49: * | R49: tennis, gymnastic, swimming | S49: * | T49: barca | U49: * | V49: 0 | W49: 0 | X49: 3 | Y49: Best team | Z49: like | AA49: like a lot | AB49: like a lot | AC49: * | AD49: like a lot | AE49: like | AF49: like | AG49: like a lot | AH49: like | AI49: like | AJ49: like a lot | AK49: like a lot | AL49: * | AM49: like | AN49: like | AO49: like | AP49: like a lot | AQ49: like | AR49: 0 | AS49: 0 | AT49: * | AU49: 1 | AV49: 1 | AW49: 1 | AX49: 0 | AY49: 1 | AZ49: 1 | BA49: * | BB49: 0 | BC49: 0 | BD49: 0 | BE49: 1 | BF49: 0 | BG49: * | BH49: 0 | BI49: 0 | BJ49: 0 | BK49: 1 | BL49: 0 | BM49: * | BN49: * | BO49: * | BP49: * | BQ49: * | BR49: 1 | BS49: 1 | BT49: 0 | BU49: 1 | BV49: 0 | BW49: 0 | BX49: 1 | BY49: 0 | BZ49: 0 | CA49: 0 | CB49: B | CC49: B | CD49: B | CE49: B | CF49: B | CG49: B | CH49: YES | CI49: B | CJ49: B | CK49: YES | CL49: B | CM49: B | CN49: YES | CO49: B | CP49: B
A50: F2 | B50: 5 | C50: 40876 | D50: one shot | E50: 1989 | F50: Law | G50: French | H50: No | I50: Unfair | J50: Defect | K50: Distrust | L50: UMP | M50: Catholicism | N50: Albi | O50: 5 | P50: 0 | Q50: * | R50: Gymnastic | S50: * | T50: * | U50: * | V50: 2 | W50: 2 | X50: 2 | Y50: Friends | Z50: like a lot | AA50: dislike | AB50: like | AC50: like | AD50: * | AE50: like | AF50: like | AG50: dislike | AH50: like a lot | AI50: like a lot | AJ50: indifferent | AK50: like | AL50: like | AM50: * | AN50: like | AO50: like | AP50: like | AQ50: like a lot | AR50: 0 | AS50: 0 | AT50: 0 | AU50: * | AV50: 1 | AW50: 0 | AX50: 0 | AY50: 1 | AZ50: 0 | BA50: 0 | BB50: * | BC50: 0 | BD50: 0 | BE50: 1 | BF50: 0 | BG50: 1 | BH50: * | BI50: 0 | BJ50: 0 | BK50: 0 | BL50: 0 | BM50: * | BN50: 0 | BO50: 0 | BP50: 0 | BQ50: 0 | BR50: * | BS50: * | BT50: * | BU50: * | BV50: 0 | BW50: 0 | BX50: 1 | BY50: 0 | BZ50: 0 | CA50: 0 | CB50: A | CC50: B | CD50: B | CE50: B | CF50: A | CG50: B | CH50: YES | CI50: A | CJ50: B | CK50: NO | CL50: A | CM50: B | CN50: YES | CO50: A | CP50: B
A51: F2 | B51: 6 | C51: 40876 | D51: one shot | E51: 1985 | F51: Law | G51: Wolof | H51: No | I51: Unfair | J51: Defect | K51: Distrust | L51: Other | M51: Islam | N51: Dakar (Senegal) | O51: 5 | P51: 4 | Q51: * | R51: Basketball | S51: * | T51: Juventus Torino, Real Madrid | U51: Toulouse, all blacks | V51: 3 | W51: 1 | X51: 0 | Y51: indifferent | Z51: like | AA51: indifferent | AB51: indifferent | AC51: like | AD51: like | AE51: * | AF51: indifferent | AG51: indifferent | AH51: like | AI51: like | AJ51: indifferent | AK51: indifferent | AL51: indifferent | AM51: like | AN51: * | AO51: indifferent | AP51: indifferent | AQ51: like | AR51: 0 | AS51: 0 | AT51: 0 | AU51: 1 | AV51: * | AW51: 0 | AX51: 0 | AY51: 1 | AZ51: 0 | BA51: 0 | BB51: 0 | BC51: * | BD51: 0 | BE51: 0 | BF51: 0 | BG51: 0 | BH51: 0 | BI51: * | BJ51: 0 | BK51: 1 | BL51: 0 | BM51: 0 | BN51: * | BO51: 0 | BP51: 0 | BQ51: 0 | BR51: * | BS51: 0 | BT51: 0 | BU51: 0 | BV51: * | BW51: * | BX51: * | BY51: 0 | BZ51: 0 | CA51: 0 | CB51: A | CC51: B | CD51: A | CE51: B | CF51: A | CG51: B | CH51: YES | CI51: B | CJ51: A | CK51: YES | CL51: B | CM51: A | CN51: YES | CO51: B | CP51: A
A52: F2 | B52: 7 | C52: 40882 | D52: one shot | E52: 1990 | F52: Economics | G52: French | H52: Yes | I52: Unfair | J52: Cooperate | K52: Distrust | L52: PS | M52: Other | N52: Toulouse | O52: 6 | P52: 2 | Q52: * | R52: swimming, cycling | S52: Toulouse | T52: Bordeaux | U52: Toulouse | V52: 1 | W52: 1 | X52: 0 | Y52: Friends | Z52: like a lot | AA52: dislike | AB52: indifferent | AC52: like | AD52: like a lot | AE52: indifferent | AF52: * | AG52: dislike | AH52: like | AI52: like | AJ52: indifferent | AK52: indifferent | AL52: like | AM52: like | AN52: indifferent | AO52: * | AP52: dislike | AQ52: like | AR52: 0 | AS52: 0 | AT52: 0 | AU52: 1 | AV52: 1 | AW52: * | AX52: 0 | AY52: 1 | AZ52: 1 | BA52: 1 | BB52: 0 | BC52: 0 | BD52: * | BE52: 1 | BF52: 0 | BG52: 1 | BH52: 0 | BI52: 0 | BJ52: * | BK52: 1 | BL52: 0 | BM52: 0 | BN52: 0 | BO52: * | BP52: 1 | BQ52: 0 | BR52: 1 | BS52: * | BT52: 0 | BU52: 1 | BV52: * | BW52: 0 | BX52: 1 | BY52: * | BZ52: * | CA52: 0 | CB52: B | CC52: B | CD52: B | CE52: B | CF52: A | CG52: B | CH52: NO | CI52: A | CJ52: B | CK52: NO | CL52: A | CM52: A | CN52: YES | CO52: A | CP52: A
A53: F2 | B53: 8 | C53: 40876 | D53: one shot | E53: 1993 | F53: Economics | G53: French | H53: No | I53: don't know | J53: Cooperate | K53: Trust | L53: PS | M53: Bouddhism | N53: Lyon | O53: 4 | P53: 1 | Q53: * | R53: swimming, snowboard, surf | S53: Narbonne | T53: Lyon, nationa team | U53: France, all blacks | V53: 0 | W53: 0 | X53: 1 | Y53: indifferent | Z53: like | AA53: like | AB53: like a lot | AC53: like a lot | AD53: like | AE53: indifferent | AF53: like | AG53: * | AH53: like | AI53: indifferent | AJ53: like | AK53: like a lot | AL53: like a lot | AM53: like | AN53: indifferent | AO53: like | AP53: * | AQ53: indifferent | AR53: 0 | AS53: 0 | AT53: 0 | AU53: 1 | AV53: 0 | AW53: 1 | AX53: * | AY53: 1 | AZ53: 0 | BA53: 1 | BB53: 0 | BC53: 0 | BD53: 0 | BE53: 0* | BF53: 0 | BG53: 1 | BH53: 0 | BI53: 0 | BJ53: 0 | BK53: * | BL53: 0 | BM53: 0 | BN53: 0 | BO53: 0 | BP53: * | BQ53: 0 | BR53: 0 | BS53: 0 | BT53: * | BU53: 1 | BV53: 0 | BW53: * | BX53: 1 | BY53: 0 | BZ53: 0 | CA53: 0 | CB53: B | CC53: B | CD53: B | CE53: B | CF53: B | CG53: B | CH53: YES | CI53: B | CJ53: B | CK53: NO | CL53: B | CM53: A | CN53: YES | CO53: A | CP53: A
A54: F2 | B54: 9 | C54: 40876 | D54: one shot | E54: 1987 | F54: Law | G54: French | H54: No | I54: Fair | J54: Cooperate | K54: Distrust | L54: PS | M54: Catholicism | N54: Douai | O54: 6 | P54: 4 | Q54: * | R54: tennis | S54: spacers | T54: Lille | U54: * | V54: 6 | W54: 1 | X54: 2 | Y54: indifferent | Z54: like a lot | AA54: dislike | AB54: like | AC54: like | AD54: like a lot | AE54: like | AF54: like | AG54: dislike | AH54: * | AI54: like a lot | AJ54: indifferent | AK54: indifferent | AL54: indifferent | AM54: like | AN54: like | AO54: indifferent | AP54: indifferent | AQ54: * | AR54: 0 | AS54: 0 | AT54: 0 | AU54: 1 | AV54: 0 | AW54: 0 | AX54: 0 | AY54: * | AZ54: 0 | BA54: 0 | BB54: 0 | BC54: 0 | BD54: 0 | BE54: 0 | BF54: * | BG54: 0 | BH54: 0 | BI54: 0 | BJ54: 0 | BK54: 0 | BL54: * | BM54: 0 | BN54: 0 | BO54: 0 | BP54: 0 | BQ54: * | BR54: 0 | BS54: 0 | BT54: 0 | BU54: * | BV54: 0 | BW54: 0 | BX54: * | BY54: 0 | BZ54: * | CA54: * | CB54: A | CC54: B | CD54: A | CE54: B | CF54: A | CG54: B | CH54: NO | CI54: A | CJ54: B | CK54: NO | CL54: A | CM54: B | CN54: NO | CO54: A | CP54: B
A55: F3 | B55: 1 | C55: 40876 | D55: one shot | E55: 1988 | F55: Computer Sc | G55: French | H55: Yes | I55: Unfair | J55: Don't know | K55: Distrust | L55: PS | M55: Catholicism | N55: Port au Prince (Haiti) | O55: 11 | P55: 0 | Q55: fitness, aquagym, body combat | R55: swimming | S55: spacers | T55: Brazil | U55: Toulouse | V55: 11 | W55: 0 | X55: 0 | Y55: indifferent | Z55: * | AA55: indifferent | AB55: indifferent | AC55: like | AD55: like | AE55: like | AF55: indifferent | AG55: * | AH55: * | AI55: * | AJ55: like | AK55: indifferent | AL55: indifferent | AM55: like | AN55: indifferent | AO55: like | AP55: like | AQ55: * | AR55: * | AS55: * | AT55: * | AU55: * | AV55: * | AW55: * | AX55: * | AY55: * | AZ55: 0 | BA55: 1 | BB55: 0 | BC55: 1 | BD55: 1 | BE55: 1 | BF55: * | BG55: 1 | BH55: 0 | BI55: 0 | BJ55: 1 | BK55: 1 | BL55: * | BM55: 1 | BN55: 1 | BO55: 0 | BP55: 1 | BQ55: * | BR55: 1 | BS55: 0 | BT55: 1 | BU55: * | BV55: 0 | BW55: 1 | BX55: * | BY55: 1 | BZ55: * | CA55: * | CB55: A | CC55: B | CD55: A | CE55: B | CF55: A | CG55: B | CH55: NO | CI55: A | CJ55: B | CK55: NO | CL55: A | CM55: B | CN55: NO | CO55: A | CP55: B
A56: F3 | B56: 2 | C56: 40883 | D56: one shot | E56: 1989 | F56: Politics | G56: French | H56: No | I56: don't know | J56: Defect | K56: Trust | L56: UMP | M56: Other | N56: Grenoble | O56: 4 | P56: 2 | Q56: * | R56: horse riding, walking | S56: * | T56: * | U56: national team | V56: 1 | W56: 1 | X56: 6 | Y56: indifferent | Z56: like a lot | AA56: * | AB56: like a lot | AC56: like a lot | AD56: like a lot | AE56: like a lot | AF56: like a lot | AG56: like a lot | AH56: * | AI56: indifferent | AJ56: * | AK56: like | AL56: like | AM56: indifferent | AN56: indifferent | AO56: indifferent | AP56: like | AQ56: * | AR56: * | AS56: 0 | AT56: 0 | AU56: 0 | AV56: 0 | AW56: 1 | AX56: 0 | AY56: * | AZ56: * | BA56: * | BB56: * | BC56: * | BD56: * | BE56: * | BF56: * | BG56: 1 | BH56: 1 | BI56: 1 | BJ56: 0 | BK56: 1 | BL56: * | BM56: 0 | BN56: 1 | BO56: 0 | BP56: 0 | BQ56: * | BR56: 1 | BS56: 0 | BT56: 0 | BU56: * | BV56: 0 | BW56: 0 | BX56: * | BY56: 1 | BZ56: * | CA56: * | CB56: B | CC56: A | CD56: B | CE56: B | CF56: B | CG56: B | CH56: NO | CI56: B | CJ56: B | CK56: NO | CL56: B | CM56: A | CN56: NO | CO56: B | CP56: A
A57: F3 | B57: 3 | C57: 40876 | D57: one shot | E57: 1989 | F57: Politics | G57: Portugese | H57: No | I57: Fair | J57: Defect | K57: Distrust | L57: PS | M57: Catholicism | N57: Villiers sur Marne | O57: 5 | P57: 2 | Q57: salsa | R57: danse | S57: * | T57: * | U57: * | V57: 0 | W57: 0 | X57: 5 | Y57: Friends | Z57: like | AA57: like | AB57: * | AC57: like | AD57: like | AE57: like a lot | AF57: like a lot | AG57: like a lot | AH57: * | AI57: like | AJ57: like | AK57: * | AL57: like | AM57: like | AN57: like a lot | AO57: like a lot | AP57: like a lot | AQ57: * | AR57: 1 | AS57: * | AT57: 1 | AU57: 1 | AV57: 1 | AW57: 1 | AX57: 1 | AY57: * | AZ57: * | BA57: 1 | BB57: 1 | BC57: 1 | BD57: 1 | BE57: 1 | BF57: * | BG57: * | BH57: * | BI57: * | BJ57: * | BK57: * | BL57: * | BM57: 1 | BN57: 1 | BO57: 1 | BP57: 1 | BQ57: * | BR57: 1 | BS57: 1 | BT57: 1 | BU57: * | BV57: 1 | BW57: 1 | BX57: * | BY57: 1 | BZ57: * | CA57: * | CB57: B | CC57: B | CD57: B | CE57: B | CF57: B | CG57: B | CH57: NO | CI57: B | CJ57: B | CK57: NO | CL57: B | CM57: B | CN57: NO | CO57: B | CP57: B
A58: F3 | B58: 4 | C58: 40876 | D58: one shot | E58: 1992 | F58: Politics | G58: French | H58: No | I58: Fair | J58: Don't know | K58: Trust | L58: Other | M58: Catholicism | N58: Rennes | O58: 1 | P58: 2 | Q58: * | R58: badminton, handball | S58: REC, national team | T58: national team | U58: Toulouse, national team | V58: 1 | W58: 1 | X58: 5 | Y58: indifferent | Z58: like | AA58: like a lot | AB58: like a lot | AC58: * | AD58: like a lot | AE58: like | AF58: like a lot | AG58: like a lot | AH58: * | AI58: like | AJ58: like | AK58: like | AL58: * | AM58: like | AN58: like | AO58: like a lot | AP58: like | AQ58: * | AR58: 0 | AS58: 1 | AT58: * | AU58: 0 | AV58: 0 | AW58: 0 | AX58: 0 | AY58: * | AZ58: 1 | BA58: * | BB58: 0 | BC58: 0 | BD58: 1 | BE58: 1 | BF58: * | BG58: * | BH58: 1 | BI58: 1 | BJ58: 1 | BK58: 1 | BL58: * | BM58: * | BN58: * | BO58: * | BP58: * | BQ58: * | BR58: 0 | BS58: 1 | BT58: 0 | BU58: * | BV58: 1 | BW58: 0 | BX58: * | BY58: 1 | BZ58: * | CA58: * | CB58: B | CC58: B | CD58: B | CE58: B | CF58: B | CG58: A | CH58: NO | CI58: B | CJ58: B | CK58: NO | CL58: B | CM58: B | CN58: NO | CO58: B | CP58: B
A59: F3 | B59: 5 | C59: 40879 | D59: one shot | E59: 1990 | F59: Management | G59: French | H59: No | I59: don't know | J59: Cooperate | K59: Distrust | L59: EELV | M59: Catholicism | N59: Paris | O59: 6 | P59: 1 | Q59: * | R59: handball, karate, Taekwondo | S59: spacers | T59: Paris, Toulouse | U59: Toulouse | V59: 2 | W59: 0 | X59: 1 | Y59: Best team | Z59: like a lot | AA59: like | AB59: like | AC59: like a lot | AD59: * | AE59: like a lot | AF59: like a lot | AG59: like a lot | AH59: * | AI59: like a lot | AJ59: indifferent | AK59: like | AL59: like | AM59: * | AN59: like | AO59: like a lot | AP59: like a lot | AQ59: * | AR59: 0 | AS59: 0 | AT59: 0 | AU59: * | AV59: 0 | AW59: 0 | AX59: 0 | AY59: * | AZ59: 1 | BA59: 0 | BB59: * | BC59: 0 | BD59: 1 | BE59: 1 | BF59: * | BG59: 1 | BH59: * | BI59: 0 | BJ59: 0 | BK59: 1 | BL59: * | BM59: * | BN59: 0 | BO59: 1 | BP59: 0 | BQ59: * | BR59: * | BS59: * | BT59: * | BU59: * | BV59: 1 | BW59: 0 | BX59: * | BY59: 0 | BZ59: * | CA59: * | CB59: B | CC59: B | CD59: B | CE59: B | CF59: B | CG59: B | CH59: YES | CI59: B | CJ59: B | CK59: YES | CL59: B | CM59: B | CN59: YES | CO59: B | CP59: B
A60: F3 | B60: 6 | C60: 40886 | D60: one shot | E60: 1992 | F60: Politics | G60: French | H60: No | I60: Fair | J60: Cooperate | K60: Trust | L60: UMP | M60: Other | N60: Saint Denis | O60: 4 | P60: 1 | Q60: * | R60: Basketball, swimming | S60: * | T60: * | U60: * | V60: 0 | W60: 0 | X60: 5 | Y60: Best team | Z60: indifferent | AA60: like | AB60: like a lot | AC60: like | AD60: indifferent | AE60: * | AF60: indifferent | AG60: like | AH60: * | AI60: indifferent | AJ60: like | AK60: like | AL60: indifferent | AM60: indifferent | AN60: * | AO60: indifferent | AP60: like | AQ60: * | AR60: 0 | AS60: 0 | AT60: 0 | AU60: 0 | AV60: * | AW60: 0 | AX60: 1 | AY60: * | AZ60: 1 | BA60: 0 | BB60: 0 | BC60: * | BD60: 0 | BE60: 0 | BF60: * | BG60: 0 | BH60: 1 | BI60: * | BJ60: 1 | BK60: 1 | BL60: * | BM60: 1 | BN60: * | BO60: 1 | BP60: 0 | BQ60: * | BR60: * | BS60: 1 | BT60: 0 | BU60: * | BV60: * | BW60: * | BX60: * | BY60: 0 | BZ60: * | CA60: * | CB60: A | CC60: A | CD60: B | CE60: B | CF60: A | CG60: B | CH60: NO | CI60: B | CJ60: B | CK60: NO | CL60: A | CM60: A | CN60: YES | CO60: A | CP60: B
A61: F3 | B61: 7 | C61: 40876 | D61: one shot | E61: 1992 | F61: Law | G61: French | H61: No | I61: Fair | J61: Defect | K61: Distrust | L61: UMP | M61: Catholicism | N61: Aurillac | O61: 8 | P61: 0 | Q61: * | R61: fitness, running | S61: * | T61: * | U61: national team | V61: 1 | W61: 1 | X61: 6 | Y61: indifferent | Z61: like | AA61: like | AB61: like a lot | AC61: like a lot | AD61: like a lot | AE61: like | AF61: * | AG61: like a lot | AH61: * | AI61: like | AJ61: like | AK61: like a lot | AL61: like a lot | AM61: like a lot | AN61: like | AO61: * | AP61: like a lot | AQ61: * | AR61: 1 | AS61: 1 | AT61: 1 | AU61: 1 | AV61: 1 | AW61: * | AX61: 1 | AY61: * | AZ61: 1 | BA61: 1 | BB61: 1 | BC61: 1 | BD61: * | BE61: 1 | BF61: * | BG61: 1 | BH61: 1 | BI61: 1 | BJ61: * | BK61: 1 | BL61: * | BM61: 1 | BN61: 1 | BO61: * | BP61: 1 | BQ61: * | BR61: 1 | BS61: * | BT61: 1 | BU61: * | BV61: * | BW61: 1 | BX61: * | BY61: * | BZ61: * | CA61: * | CB61: B | CC61: A | CD61: A | CE61: B | CF61: A | CG61: B | CH61: YES | CI61: A | CJ61: B | CK61: YES | CL61: A | CM61: B | CN61: YES | CO61: A | CP61: B
A62: F3 | B62: 8 | C62: 40876 | D62: one shot | E62: 1991 | F62: Economics | G62: French | H62: Yes | I62: Unfair | J62: Defect | K62: Distrust | L62: PS | M62: Catholicism | N62: Brive la Gaillarde | O62: 7 | P62: 2 | Q62: * | R62: ping pong, handball, badminton | S62: Brive | T62: Bordeaux | U62: Toulouse | V62: 0 | W62: 0 | X62: 4 | Y62: indifferent | Z62: like | AA62: like a lot | AB62: like a lot | AC62: like a lot | AD62: like | AE62: like a lot | AF62: like a lot | AG62: * | AH62: * | AI62: like | AJ62: like | AK62: like | AL62: like | AM62: like | AN62: like | AO62: like | AP62: * | AQ62: * | AR62: 0 | AS62: 0 | AT62: 0 | AU62: 0 | AV62: 0 | AW62: 0 | AX62: * | AY62: * | AZ62: 0 | BA62: 0 | BB62: 0 | BC62: 0 | BD62: 0 | BE62: * | BF62: * | BG62: 1 | BH62: 0 | BI62: 1 | BJ62: 1 | BK62: * | BL62: * | BM62: 0 | BN62: 0 | BO62: 1 | BP62: * | BQ62: * | BR62: 0 | BS62: 0 | BT62: * | BU62: * | BV62: 0 | BW62: * | BX62: * | BY62: * | BZ62: * | CA62: * | CB62: B | CC62: B | CD62: B | CE62: B | CF62: A | CG62: B | CH62: NO | CI62: B | CJ62: B | CK62: NO | CL62: B | CM62: B | CN62: NO | CO62: B | CP62: B
A63: F4 | B63: 1 | C63: 40876 | D63: two stage | E63: 1989 | F63: Law | G63: French | H63: No | I63: Fair | J63: Cooperate | K63: Trust | L63: PS | M63: Other | N63: Toulouse | O63: 5 | P63: 1 | Q63: * | R63: ski | S63: * | T63: national team | U63: Toulouse | V63: 3 | W63: 2 | X63: 3 | Y63: Friends | Z63: * | AA63: like a lot | AB63: indifferent | AC63: like a lot | AD63: like | AE63: like | AF63: like a lot | AG63: indifferent | AH63: * | AI63: * | AJ63: like a lot | AK63: indifferent | AL63: like a lot | AM63: like | AN63: like | AO63: like a lot | AP63: indifferent | AQ63: * | AR63: * | AS63: * | AT63: * | AU63: * | AV63: * | AW63: * | AX63: * | AY63: * | AZ63: 0 | BA63: 1 | BB63: 0 | BC63: 0 | BD63: 0 | BE63: 0 | BF63: * | BG63: 0 | BH63: 0 | BI63: 0 | BJ63: 0 | BK63: 0 | BL63: * | BM63: 0 | BN63: 0 | BO63: 0 | BP63: 0 | BQ63: * | BR63: 1 | BS63: 1 | BT63: 0 | BU63: * | BV63: 0 | BW63: 0 | BX63: * | BY63: 0 | BZ63: * | CA63: * | CB63: B | CC63: B | CD63: B | CE63: B | CF63: A | CG63: B | CH63: YES | CI63: B | CJ63: B | CK63: YES | CL63: B | CM63: B | CN63: NO | CO63: A | CP63: B
A64: F4 | B64: 2 | C64: 40876 | D64: two stage | E64: 1991 | F64: Law | G64: French | H64: Yes | I64: Fair | J64: Cooperate | K64: Distrust | L64: PS | M64: Catholicism | N64: Font-Romeu | O64: 5 | P64: 2 | Q64: swimming | R64: swimming, running | S64: spacers | T64: barca | U64: USAP | V64: 3 | W64: 2 | X64: 3 | Y64: Best team | Z64: like a lot | AA64: * | AB64: indifferent | AC64: like a lot | AD64: like | AE64: like | AF64: like | AG64: dislike | AH64: * | AI64: like a lot | AJ64: * | AK64: indifferent | AL64: like a lot | AM64: like | AN64: like | AO64: like | AP64: dislike | AQ64: * | AR64: * | AS64: 0 | AT64: 0 | AU64: 0 | AV64: 0 | AW64: 1 | AX64: 0 | AY64: * | AZ64: * | BA64: * | BB64: * | BC64: * | BD64: * | BE64: * | BF64: * | BG64: 0 | BH64: 0 | BI64: 0 | BJ64: 0 | BK64: 1 | BL64: * | BM64: 0 | BN64: 1 | BO64: 1 | BP64: 0 | BQ64: * | BR64: 1 | BS64: 0 | BT64: 1 | BU64: * | BV64: 0 | BW64: 0 | BX64: * | BY64: 0 | BZ64: * | CA64: * | CB64: B | CC64: B | CD64: B | CE64: B | CF64: A | CG64: B | CH64: YES | CI64: A | CJ64: A | CK64: YES | CL64: B | CM64: B | CN64: YES | CO64: B | CP64: A
A65: F4 | B65: 3 | C65: 40876 | D65: two stage | E65: 1993 | F65: Politics | G65: French | H65: No | I65: Fair | J65: Defect | K65: Distrust | L65: PS | M65: Catholicism | N65: Cannes | O65: 2 | P65: 1 | Q65: * | R65: Handball | S65: Cannes | T65: * | U65: * | V65: 0 | W65: 0 | X65: 0 | Y65: Friends | Z65: indifferent | AA65: indifferent | AB65: * | AC65: indifferent | AD65: indifferent | AE65: like | AF65: like | AG65: like | AH65: * | AI65: indifferent | AJ65: indifferent | AK65: * | AL65: indifferent | AM65: indifferent | AN65: like | AO65: like | AP65: like | AQ65: * | AR65: 0 | AS65: * | AT65: 0 | AU65: 0 | AV65: 0 | AW65: 0 | AX65: 0 | AY65: * | AZ65: * | BA65: 0 | BB65: 0 | BC65: 0 | BD65: 0 | BE65: 0 | BF65: * | BG65: * | BH65: * | BI65: * | BJ65: * | BK65: * | BL65: * | BM65: 0 | BN65: 0 | BO65: 0 | BP65: 0 | BQ65: * | BR65: 0 | BS65: 0 | BT65: 0 | BU65: * | BV65: 1 | BW65: 0 | BX65: * | BY65: 0 | BZ65: * | CA65: * | CB65: B | CC65: B | CD65: A | CE65: A | CF65: A | CG65: A | CH65: NO | CI65: B | CJ65: B | CK65: YES | CL65: A | CM65: B | CN65: YES | CO65: A | CP65: A
A66: F4 | B66: 4 | C66: 40876 | D66: two stage | E66: 1992 | F66: Law | G66: French | H66: Yes | I66: Fair | J66: Defect | K66: Distrust | L66: PS | M66: Other | N66: Toulouse | O66: 6 | P66: 1 | Q66: * | R66: soccer | S66: spacers | T66: Chelsea, TFC | U66: Toulouse, national team | V66: 1 | W66: 0 | X66: 2 | Y66: Best team | Z66: like | AA66: like a lot | AB66: * | AC66: * | AD66: like | AE66: like | AF66: like | AG66: indifferent | AH66: * | AI66: like | AJ66: like a lot | AK66: * | AL66: * | AM66: like | AN66: like | AO66: like | AP66: indifferent | AQ66: * | AR66: 1 | AS66: 0 | AT66: * | AU66: 0 | AV66: 0 | AW66: 1 | AX66: 0 | AY66: * | AZ66: 0 | BA66: * | BB66: 0 | BC66: 0 | BD66: 1 | BE66: 0 | BF66: * | BG66: * | BH66: 0 | BI66: 0 | BJ66: 0 | BK66: 0 | BL66: * | BM66: * | BN66: * | BO66: * | BP66: * | BQ66: * | BR66: 1 | BS66: 0 | BT66: 0 | BU66: * | BV66: 0 | BW66: 0 | BX66: * | BY66: 0 | BZ66: * | CA66: * | CB66: B | CC66: A | CD66: B | CE66: A | CF66: B | CG66: A | CH66: NO | CI66: B | CJ66: A | CK66: NO | CL66: B | CM66: A | CN66: NO | CO66: B | CP66: A
A67: F4 | B67: 5 | C67: 40876 | D67: two stage | E67: * | F67: Law | G67: French | H67: No | I67: Fair | J67: Cooperate | K67: Distrust | L67: * | M67: * | N67: * | O67: 1 | P67: 2 | Q67: * | R67: * | S67: * | T67: * | U67: * | V67: 1 | W67: 0 | X67: 2 | Y67: Best team | Z67: like | AA67: like | AB67: indifferent | AC67: like | AD67: * | AE67: like | AF67: like | AG67: indifferent | AH67: * | AI67: like | AJ67: like | AK67: indifferent | AL67: like | AM67: * | AN67: like | AO67: like | AP67: indifferent | AQ67: * | AR67: 1 | AS67: 0 | AT67: 1 | AU67: * | AV67: 1 | AW67: 1 | AX67: 0 | AY67: * | AZ67: 0 | BA67: 1 | BB67: * | BC67: 0 | BD67: 1 | BE67: 0 | BF67: * | BG67: 0 | BH67: * | BI67: 0 | BJ67: 0 | BK67: 0 | BL67: * | BM67: * | BN67: 1 | BO67: 1 | BP67: 0 | BQ67: * | BR67: * | BS67: * | BT67: * | BU67: * | BV67: 0 | BW67: 0 | BX67: * | BY67: 0 | BZ67: * | CA67: * | CB67: B | CC67: B | CD67: B | CE67: B | CF67: B | CG67: B | CH67: NO | CI67: B | CJ67: B | CK67: NO | CL67: B | CM67: B | CN67: NO | CO67: B | CP67: B
A68: F4 | B68: 6 | C68: 40876 | D68: two stage | E68: 1992 | F68: Politics | G68: French | H68: No | I68: Fair | J68: Defect | K68: Trust | L68: EELV | M68: Other | N68: Reims | O68: 3 | P68: 0 | Q68: * | R68: climbing, running | S68: * | T68: * | U68: * | V68: 2 | W68: 0 | X68: 0 | Y68: Best team | Z68: like | AA68: like | AB68: like | AC68: like | AD68: like | AE68: * | AF68: like | AG68: indifferent | AH68: * | AI68: like | AJ68: indifferent | AK68: like | AL68: like | AM68: like | AN68: * | AO68: indifferent | AP68: indifferent | AQ68: * | AR68: 1 | AS68: 0 | AT68: 1 | AU68: 0 | AV68: * | AW68: 1 | AX68: 0 | AY68: * | AZ68: 0 | BA68: 1 | BB68: 0 | BC68: * | BD68: 1 | BE68: 0 | BF68: * | BG68: 0 | BH68: 0 | BI68: * | BJ68: 0 | BK68: 0 | BL68: * | BM68: 0 | BN68: * | BO68: 1 | BP68: 0 | BQ68: * | BR68: * | BS68: 0 | BT68: 0 | BU68: * | BV68: * | BW68: * | BX68: * | BY68: 0 | BZ68: * | CA68: * | CB68: B | CC68: B | CD68: B | CE68: B | CF68: B | CG68: A | CH68: YES | CI68: B | CJ68: B | CK68: YES | CL68: A | CM68: A | CN68: NO | CO68: A | CP68: A
A69: F4 | B69: 7 | C69: 40883 | D69: two stage | E69: 1988 | F69: Politics | G69: French | H69: No | I69: Fair | J69: Defect | K69: Trust | L69: EELV | M69: Other | N69: Nantes | O69: 4 | P69: 2 | Q69: * | R69: handball, tennis, running | S69: spacers | T69: * | U69: Toulouse | V69: 4 | W69: 1 | X69: 0 | Y69: Friends | Z69: like a lot | AA69: like a lot | AB69: like | AC69: like a lot | AD69: like | AE69: like | AF69: * | AG69: like | AH69: * | AI69: like a lot | AJ69: like a lot | AK69: like | AL69: like a lot | AM69: like | AN69: like | AO69: * | AP69: like | AQ69: * | AR69: 1 | AS69: 0 | AT69: 1 | AU69: 0 | AV69: 0 | AW69: * | AX69: 0 | AY69: * | AZ69: 0 | BA69: 1 | BB69: 0 | BC69: 0 | BD69: * | BE69: 0 | BF69: * | BG69: 0 | BH69: 0 | BI69: 0 | BJ69: * | BK69: 0 | BL69: * | BM69: 0 | BN69: 0 | BO69: * | BP69: 0 | BQ69: * | BR69: 1 | BS69: * | BT69: 0 | BU69: * | BV69: * | BW69: 0 | BX69: * | BY69: * | BZ69: * | CA69: * | CB69: B | CC69: B | CD69: B | CE69: B | CF69: B | CG69: B | CH69: NO | CI69: A | CJ69: A | CK69: NO | CL69: A | CM69: A | CN69: NO | CO69: A | CP69: A
A70: F4 | B70: 8 | C70: 40876 | D70: two stage | E70: 1989 | F70: AES | G70: French | H70: No | I70: Fair | J70: Defect | K70: Distrust | L70: PS | M70: Islam | N70: Toulouse | O70: 1 | P70: 2 | Q70: boxing | R70: Dancing, basketball | S70: * | T70: barca, France, Cameroun, Lyon, Toulouse | U70: Toulouse | V70: 0 | W70: 0 | X70: 0 | Y70: Best team | Z70: indifferent | AA70: indifferent | AB70: like | AC70: indifferent | AD70: indifferent | AE70: like | AF70: like | AG70: * | AH70: * | AI70: indifferent | AJ70: dislike | AK70: indifferent | AL70: dislike | AM70: like | AN70: indifferent | AO70: like | AP70: * | AQ70: * | AR70: 0 | AS70: 0 | AT70: 1 | AU70: 0 | AV70: 1 | AW70: 0 | AX70: * | AY70: * | AZ70: 0 | BA70: 0 | BB70: 0 | BC70: 0 | BD70: 0 | BE70: * | BF70: * | BG70: 0 | BH70: 0 | BI70: 0 | BJ70: 0 | BK70: * | BL70: * | BM70: 0 | BN70: 1 | BO70: 0 | BP70: * | BQ70: * | BR70: 0 | BS70: 0 | BT70: * | BU70: * | BV70: 0 | BW70: * | BX70: * | BY70: * | BZ70: * | CA70: * | CB70: A | CC70: A | CD70: A | CE70: A | CF70: A | CG70: A | CH70: YES | CI70: A | CJ70: A | CK70: YES | CL70: A | CM70: A | CN70: YES | CO70: A | CP70: A
A71: F4 | B71: 9 | C71: 40876 | D71: two stage | E71: 1990 | F71: Law | G71: French | H71: No | I71: don't know | J71: Don't know | K71: Distrust | L71: * | M71: Catholicism | N71: Toulouse | O71: 5 | P71: 1 | Q71: * | R71: surfing | S71: * | T71: * | U71: Toulouse | V71: 2 | W71: 0 | X71: 1 | Y71: Best team | Z71: indifferent | AA71: indifferent | AB71: indifferent | AC71: like | AD71: like a lot | AE71: like | AF71: like | AG71: indifferent | AH71: * | AI71: indifferent | AJ71: indifferent | AK71: indifferent | AL71: like | AM71: like | AN71: like | AO71: indifferent | AP71: indifferent | AQ71: * | AR71: 0 | AS71: 0 | AT71: 1 | AU71: 0 | AV71: 0 | AW71: 0 | AX71: 0 | AY71: * | AZ71: 0 | BA71: 1 | BB71: 0 | BC71: 0 | BD71: 0 | BE71: 0 | BF71: * | BG71: 0 | BH71: 0 | BI71: 0 | BJ71: 0 | BK71: 0 | BL71: * | BM71: 1 | BN71: 0 | BO71: 0 | BP71: 1 | BQ71: * | BR71: 1 | BS71: 0 | BT71: 0 | BU71: * | BV71: 0 | BW71: 0 | BX71: * | BY71: 0 | BZ71: * | CA71: * | CB71: B | CC71: B | CD71: A | CE71: A | CF71: B | CG71: A | CH71: NO | CI71: B | CJ71: B | CK71: NO | CL71: A | CM71: B | CN71: NO | CO71: B | CP71: A

Sheet transform
A1: Group | B1: Gender | C1: Id | D1: Participation_date | E1: First_game | F1: Birth_year | G1: study | H1: mother_tongue | I1: General_Info_Q1 | J1: General_Info_Q2 | K1: General_Info_Q3 | L1: General_Info_Q4 | M1: General_Info_Q5 | N1: General_Info_Q6 | O1: General_Info_Q71 | P1: General_Info_Q72 | Q1: Volleyball_Q1 | R1: Volleyball_Q2 | S1: Volleyball_Q3 | T1: Volleyball_Q4 | U1: Volleyball_Q5 | V1: Volleyball_Q6 | W1: Volleyball_Q7 | X1: Team_Q1 | Y1: Team_Q2 | Z1: Team_Q3 | AA1: Team_Q4 | AB1: Team_Q5_1 | AC1: Team_Q5_2 | AD1: Team_Q5_3 | AE1: Team_Q5_4 | AF1: Team_Q5_5 | AG1: Team_Q5_6 | AH1: Team_Q5_7 | AI1: Team_Q5_8 | AJ1: Team_Q5_9 | AK1: Team_Q5_like1 | AL1: Team_Q5_like2 | AM1: Team_Q5_like3 | AN1: Team_Q5_like4 | AO1: Team_Q5_Ties1 | AP1: Team_Q5_Ties2 | AQ1: Team_Q5_Ties3 | AR1: Team_Q5_Ties4 | AS1: Team_Q5_Ties5 | AT1: Team_Q5_Ties6 | AU1: Team_Q5_Ties7 | AV1: Team_Q5_Ties8 | AW1: Team_Q5_Ties9 | AX1: Team_Q6_1 | AY1: Team_Q6_2 | AZ1: Team_Q6_3 | BA1: Team_Q6_4 | BB1: Team_Q6_5 | BC1: Team_Q6_6 | BD1: Team_Q6_7 | BE1: Team_Q6_8 | BF1: Team_Q6_9 | BG1: Team_Q6_like1 | BH1: Team_Q6_like2 | BI1: Team_Q6_like3 | BJ1: Team_Q6_like4 | BK1: Team_Q56_B1 | BL1: Team_Q56_B2 | BM1: Team_Q56_B3 | BN1: Team_Q56_B4 | BO1: Team_Q56_B5 | BP1: Team_Q56_B6 | BQ1: Team_Q56_B7 | BR1: Team_Q56_B8 | BS1: Team_Q56_B9 | BT1: Team_Q7_1 | BU1: Team_Q7_2 | BV1: Team_Q7_3 | BW1: Team_Q7_4 | BX1: Team_Q7_5 | BY1: Team_Q7_6 | BZ1: Team_Q7_7 | CA1: Team_Q7_8 | CB1: Team_Q7_9 | CC1: T1_1_AB | CD1: T1_2_AB | CE1: V1_1_AB | CF1: V1_2_AB | CG1: S1_1_AB | CH1: S1_2_AB | CI1: T2_1_IN | CJ1: T2_1_AB | CK1: T2_2_AB | CL1: V2_1_IN | CM1: V2_1_AB | CN1: V2_2_AB | CO1: S2_1_IN | CP1: S2_1_AB | CQ1: S2_2_AB
A2: 1 | B2: 1 | C2: 1 | D2: 40876 | E2: 1 | F2: 1991 | G2: 1 | H2: 1 | I2: 0 | J2: 1 | K2: 1 | L2: 2 | M2: 3 | N2: 0 | O2: 2 | P2: 1 | Q2: 8 | R2: 10 | S2: 0 | T2: 1 | U2: 1 | V2: 2 | W2: 1 | X2: 2 | Y2: 2 | Z2: 8 | AA2: 0 | AC2: 4 | AD2: 4 | AE2: 4 | AF2: 3 | AG2: 4 | AH2: 3 | AI2: 3 | AK2: =COUNTIF(AB2:AJ2,1) -> 0 | AL2: =COUNTIF(AB2:AJ2,2) -> 0 | AM2: =COUNTIF(AB2:AJ2,3) -> 3 | AN2: =COUNTIF(AB2:AJ2,4) -> 4 | AO2: 0 | AP2: 1 | AQ2: 1 | AR2: 1 | AS2: 1 | AT2: 1 | AV2: 1 | AW2: 0 | AY2: 4 | AZ2: 4 | BA2: 4 | BB2: 3 | BC2: 4 | BD2: 3 | BE2: 3 | BG2: =COUNTIF(AX2:BF2,1) -> 0 | BH2: =COUNTIF(AX2:BF2,2) -> 0 | BI2: =COUNTIF(AX2:BF2,3) -> 3 | BJ2: =COUNTIF(AX2:BF2,4) -> 4 | BK2: =IF(AND(OR(AB2=3,AB2=4),OR(AX2=3,AX2=4)),1,0) -> 0 | BL2: =IF(AND(OR(AC2=3,AC2=4),OR(AY2=3,AY2=4)),1,0) -> 1 | BM2: =IF(AND(OR(AD2=3,AD2=4),OR(AZ2=3,AZ2=4)),1,0) -> 1 | BN2: =IF(AND(OR(AE2=3,AE2=4),OR(BA2=3,BA2=4)),1,0) -> 1 | BO2: =IF(AND(OR(AF2=3,AF2=4),OR(BB2=3,BB2=4)),1,0) -> 1 | BP2: =IF(AND(OR(AG2=3,AG2=4),OR(BC2=3,BC2=4)),1,0) -> 1 | BQ2: =IF(AND(OR(AH2=3,AH2=4),OR(BD2=3,BD2=4)),1,0) -> 1 | BR2: =IF(AND(OR(AI2=3,AI2=4),OR(BE2=3,BE2=4)),1,0) -> 1 | BS2: =IF(AND(OR(AJ2=3,AJ2=4),OR(BF2=3,BF2=4)),1,0) -> 0 | BU2: =SUM(Raw!AR2:AR9) -> 4 | BV2: =SUM(Raw!AS2:AS9) -> 5 | BW2: =SUM(Raw!AT2:AT9) -> 3 | BX2: =SUM(Raw!AU2:AU9) -> 3 | BY2: =SUM(Raw!AV2:AV9) -> 6 | BZ2: =SUM(Raw!AW2:AW9) -> 0 | CA2: =SUM(Raw!AX2:AX9) -> 2 | CC2: 2 | CD2: 2 | CE2: 2 | CF2: 2 | CG2: 2 | CH2: 2 | CI2: 1 | CJ2: 2 | CK2: 2 | CL2: 1 | CM2: 1 | CN2: 2 | CO2: 1 | CP2: 2 | CQ2: 1
A3: 1 | B3: 1 | C3: 2 | D3: 40876 | E3: 1 | F3: 1988 | G3: 4 | H3: 1 | I3: 0 | J3: 2 | K3: 1 | L3: 2 | M3: 3 | N3: 2 | O3: 0 | P3: 1 | Q3: 3 | R3: 8 | S3: 0 | T3: 5 | U3: 2 | V3: 1 | W3: 1 | X3: 1 | Y3: 1 | Z3: 5 | AA3: 2 | AB3: 4 | AD3: 4 | AE3: 3 | AF3: 4 | AG3: 4 | AH3: 3 | AI3: 3 | AK3: =COUNTIF(AB3:AJ3,1) -> 0 | AL3: =COUNTIF(AB3:AJ3,2) -> 0 | AM3: =COUNTIF(AB3:AJ3,3) -> 3 | AN3: =COUNTIF(AB3:AJ3,4) -> 4 | AO3: 1 | AP3: 0 | AQ3: 1 | AR3: 1 | AS3: 1 | AT3: 1 | AV3: 1 | AW3: 0 | AX3: 3 | AZ3: 4 | BA3: 3 | BB3: 3 | BC3: 4 | BD3: 2 | BE3: 3 | BG3: =COUNTIF(AX3:BF3,1) -> 0 | BH3: =COUNTIF(AX3:BF3,2) -> 1 | BI3: =COUNTIF(AX3:BF3,3) -> 4 | BJ3: =COUNTIF(AX3:BF3,4) -> 2 | BK3: =IF(AND(OR(AB3=3,AB3=4),OR(AX3=3,AX3=4)),1,0) -> 1 | BL3: =IF(AND(OR(AC3=3,AC3=4),OR(AY3=3,AY3=4)),1,0) -> 0 | BM3: =IF(AND(OR(AD3=3,AD3=4),OR(AZ3=3,AZ3=4)),1,0) -> 1 | BN3: =IF(AND(OR(AE3=3,AE3=4),OR(BA3=3,BA3=4)),1,0) -> 1 | BO3: =IF(AND(OR(AF3=3,AF3=4),OR(BB3=3,BB3=4)),1,0) -> 1 | BP3: =IF(AND(OR(AG3=3,AG3=4),OR(BC3=3,BC3=4)),1,0) -> 1 | BQ3: =IF(AND(OR(AH3=3,AH3=4),OR(BD3=3,BD3=4)),1,0) -> 0 | BR3: =IF(AND(OR(AI3=3,AI3=4),OR(BE3=3,BE3=4)),1,0) -> 1 | BS3: =IF(AND(OR(AJ3=3,AJ3=4),OR(BF3=3,BF3=4)),1,0) -> 0 | BT3: =SUM(Raw!AR2:AR9) -> 4 | BV3: =SUM(Raw!AZ2:AZ9) -> 5 | BW3: =SUM(Raw!BA2:BA9) -> 2 | BX3: =SUM(Raw!BB2:BB9) -> 2 | BY3: =SUM(Raw!BC2:BC9) -> 5 | BZ3: =SUM(Raw!BD2:BD9) -> 0 | CA3: =SUM(Raw!BE2:BE9) -> 3 | CC3: 2 | CD3: 2 | CE3: 1 | CF3: 2 | CG3: 1 | CH3: 2 | CI3: 1 | CJ3: 1 | CK3: 2 | CL3: 1 | CM3: 1 | CN3: 2 | CO3: 1 | CP3: 1 | CQ3: 2
A4: 1 | B4: 1 | C4: 3 | D4: 40876 | E4: 1 | F4: 1987 | G4: 2 | H4: 1 | I4: 1 | J4: 1 | K4: 1 | L4: 1 | M4: 1 | N4: 3 | O4: 4 | P4: 0 | Q4: 12 | R4: 10 | S4: 1 | T4: 4 | U4: 2 | V4: 0 | W4: 1 | X4: 3 | Y4: 3 | Z4: 5 | AA4: 0 | AB4: 4 | AC4: 4 | AE4: 4 | AF4: 4 | AG4: 4 | AH4: 4 | AI4: 4 | AK4: =COUNTIF(AB4:AJ4,1) -> 0 | AL4: =COUNTIF(AB4:AJ4,2) -> 0 | AM4: =COUNTIF(AB4:AJ4,3) -> 0 | AN4: =COUNTIF(AB4:AJ4,4) -> 7 | AO4: 1 | AP4: 1 | AQ4: 0 | AR4: 1 | AS4: 1 | AT4: 1 | AV4: 1 | AW4: 0 | AX4: 3 | AY4: 4 | BA4: 3 | BB4: 4 | BC4: 3 | BD4: 3 | BE4: 3 | BG4: =COUNTIF(AX4:BF4,1) -> 0 | BH4: =COUNTIF(AX4:BF4,2) -> 0 | BI4: =COUNTIF(AX4:BF4,3) -> 5 | BJ4: =COUNTIF(AX4:BF4,4) -> 2 | BK4: =IF(AND(OR(AB4=3,AB4=4),OR(AX4=3,AX4=4)),1,0) -> 1 | BL4: =IF(AND(OR(AC4=3,AC4=4),OR(AY4=3,AY4=4)),1,0) -> 1 | BM4: =IF(AND(OR(AD4=3,AD4=4),OR(AZ4=3,AZ4=4)),1,0) -> 0 | BN4: =IF(AND(OR(AE4=3,AE4=4),OR(BA4=3,BA4=4)),1,0) -> 1 | BO4: =IF(AND(OR(AF4=3,AF4=4),OR(BB4=3,BB4=4)),1,0) -> 1 | BP4: =IF(AND(OR(AG4=3,AG4=4),OR(BC4=3,BC4=4)),1,0) -> 1 | BQ4: =IF(AND(OR(AH4=3,AH4=4),OR(BD4=3,BD4=4)),1,0) -> 1 | BR4: =IF(AND(OR(AI4=3,AI4=4),OR(BE4=3,BE4=4)),1,0) -> 1 | BS4: =IF(AND(OR(AJ4=3,AJ4=4),OR(BF4=3,BF4=4)),1,0) -> 0 | BT4: =SUM(Raw!AS2:AS9) -> 5 | BU4: =SUM(Raw!AZ2:AZ9) -> 5 | BW4: =SUM(Raw!BG2:BG9) -> 5 | BX4: =SUM(Raw!BH2:BH9) -> 4 | BY4: =SUM(Raw!BI2:BI9) -> 3 | BZ4: =SUM(Raw!BJ2:BJ9) -> 2 | CA4: =SUM(Raw!BK2:BK9) -> 3 | CC4: 1 | CD4: 2 | CE4: 2 | CF4: 2 | CG4: 2 | CH4: 2 | CI4: 0 | CJ4: 2 | CK4: 2 | CL4: 0 | CM4: 2 | CN4: 1 | CO4: 0 | CP4: 2 | CQ4: 1
A5: 1 | B5: 1 | C5: 4 | D5: 40876 | E5: 1 | F5: 1986 | G5: 4 | H5: 2 | I5: 1 | J5: 1 | K5: 2 | L5: 2 | M5: 5 | N5: 2 | O5: 5 | P5: 1 | Q5: 9 | R5: 2 | S5: 0 | T5: 1 | U5: 2 | V5: 2 | W5: 1 | X5: 2 | Y5: 2 | Z5: 3 | AA5: 2 | AB5: 3 | AC5: 3 | AD5: 4 | AF5: 4 | AG5: 3 | AH5: 3 | AI5: 3 | AK5: =COUNTIF(AB5:AJ5,1) -> 0 | AL5: =COUNTIF(AB5:AJ5,2) -> 0 | AM5: =COUNTIF(AB5:AJ5,3) -> 5 | AN5: =COUNTIF(AB5:AJ5,4) -> 2 | AO5: 1 | AP5: 1 | AQ5: 1 | AR5: 0 | AS5: 1 | AT5: 1 | AV5: 1 | AW5: 0 | AX5: 3 | AY5: 3 | AZ5: 3 | BB5: 3 | BC5: 3 | BD5: 3 | BE5: 3 | BG5: =COUNTIF(AX5:BF5,1) -> 0 | BH5: =COUNTIF(AX5:BF5,2) -> 0 | BI5: =COUNTIF(AX5:BF5,3) -> 7 | BJ5: =COUNTIF(AX5:BF5,4) -> 0 | BK5: =IF(AND(OR(AB5=3,AB5=4),OR(AX5=3,AX5=4)),1,0) -> 1 | BL5: =IF(AND(OR(AC5=3,AC5=4),OR(AY5=3,AY5=4)),1,0) -> 1 | BM5: =IF(AND(OR(AD5=3,AD5=4),OR(AZ5=3,AZ5=4)),1,0) -> 1 | BN5: =IF(AND(OR(AE5=3,AE5=4),OR(BA5=3,BA5=4)),1,0) -> 0 | BO5: =IF(AND(OR(AF5=3,AF5=4),OR(BB5=3,BB5=4)),1,0) -> 1 | BP5: =IF(AND(OR(AG5=3,AG5=4),OR(BC5=3,BC5=4)),1,0) -> 1 | BQ5: =IF(AND(OR(AH5=3,AH5=4),OR(BD5=3,BD5=4)),1,0) -> 1 | BR5: =IF(AND(OR(AI5=3,AI5=4),OR(BE5=3,BE5=4)),1,0) -> 1 | BS5: =IF(AND(OR(AJ5=3,AJ5=4),OR(BF5=3,BF5=4)),1,0) -> 0 | BT5: =SUM(Raw!AT2:AT9) -> 3 | BU5: =SUM(Raw!BA2:BA9) -> 2 | BV5: =SUM(Raw!BG2:BG9) -> 5 | BX5: =SUM(Raw!BM2:BM9) -> 2 | BY5: =SUM(Raw!BN2:BN9) -> 1 | BZ5: =SUM(Raw!BO2:BO9) -> 0 | CA5: =SUM(Raw!BP2:BP9) -> 2 | CC5: 1 | CD5: 1 | CE5: 1 | CF5: 2 | CG5: 1 | CH5: 2 | CI5: 1 | CJ5: 1 | CK5: 1 | CL5: 1 | CM5: 2 | CN5: 1 | CO5: 1 | CP5: 1 | CQ5: 2
A6: 1 | B6: 1 | C6: 5 | D6: 40876 | E6: 1 | F6: 1989 | G6: 3 | H6: 1 | I6: 0 | J6: 1 | K6: 1 | L6: 1 | M6: 3 | N6: 0 | O6: 2 | P6: 1 | Q6: 5 | R6: 2 | S6: 0 | T6: 3 | U6: 1 | V6: 2 | W6: 1 | X6: 3 | Y6: 3 | Z6: 7 | AA6: 0 | AB6: 4 | AC6: 4 | AD6: 4 | AE6: 4 | AG6: 4 | AH6: 4 | AI6: 4 | AK6: =COUNTIF(AB6:AJ6,1) -> 0 | AL6: =COUNTIF(AB6:AJ6,2) -> 0 | AM6: =COUNTIF(AB6:AJ6,3) -> 0 | AN6: =COUNTIF(AB6:AJ6,4) -> 7 | AO6: 1 | AP6: 1 | AQ6: 1 | AR6: 1 | AS6: 0 | AT6: 1 | AV6: 1 | AW6: 0 | AX6: 4 | AY6: 4 | AZ6: 4 | BA6: 4 | BC6: 4 | BD6: 4 | BE6: 4 | BG6: =COUNTIF(AX6:BF6,1) -> 0 | BH6: =COUNTIF(AX6:BF6,2) -> 0 | BI6: =COUNTIF(AX6:BF6,3) -> 0 | BJ6: =COUNTIF(AX6:BF6,4) -> 7 | BK6: =IF(AND(OR(AB6=3,AB6=4),OR(AX6=3,AX6=4)),1,0) -> 1 | BL6: =IF(AND(OR(AC6=3,AC6=4),OR(AY6=3,AY6=4)),1,0) -> 1 | BM6: =IF(AND(OR(AD6=3,AD6=4),OR(AZ6=3,AZ6=4)),1,0) -> 1 | BN6: =IF(AND(OR(AE6=3,AE6=4),OR(BA6=3,BA6=4)),1,0) -> 1 | BO6: =IF(AND(OR(AF6=3,AF6=4),OR(BB6=3,BB6=4)),1,0) -> 0 | BP6: =IF(AND(OR(AG6=3,AG6=4),OR(BC6=3,BC6=4)),1,0) -> 1 | BQ6: =IF(AND(OR(AH6=3,AH6=4),OR(BD6=3,BD6=4)),1,0) -> 1 | BR6: =IF(AND(OR(AI6=3,AI6=4),OR(BE6=3,BE6=4)),1,0) -> 1 | BS6: =IF(AND(OR(AJ6=3,AJ6=4),OR(BF6=3,BF6=4)),1,0) -> 0 | BT6: =SUM(Raw!AU2:AU9) -> 3 | BU6: =SUM(Raw!BB2:BB9) -> 2 | BV6: =SUM(Raw!BH2:BH9) -> 4 | BW6: =SUM(Raw!BM2:BM9) -> 2 | BY6: =SUM(Raw!BR2:BR9) -> 3 | BZ6: =SUM(Raw!BS2:BS9) -> 2 | CA6: =SUM(Raw!BT2:BT9) -> 1 | CC6: 2 | CD6: 2 | CE6: 2 | CF6: 2 | CG6: 2 | CH6: 2 | CI6: 1 | CJ6: 2 | CK6: 2 | CL6: 1 | CM6: 2 | CN6: 2 | CO6: 1 | CP6: 2 | CQ6: 2
A7: 1 | B7: 1 | C7: 6 | D7: 40876 | E7: 1 | F7: 1984 | G7: 5 | H7: 1 | I7: 0 | J7: 2 | K7: 1 | L7: 2 | M7: 0 | N7: 0 | O7: 1 | P7: 1 | Q7: 11 | R7: 10 | S7: 1 | T7: 2 | U7: 2 | V7: 0 | W7: 2 | X7: 0 | Y7: 0 | Z7: 8 | AA7: 1 | AB7: 4 | AC7: 4 | AD7: 4 | AE7: 4 | AF7: 4 | AH7: 2 | AI7: 4 | AK7: =COUNTIF(AB7:AJ7,1) -> 0 | AL7: =COUNTIF(AB7:AJ7,2) -> 1 | AM7: =COUNTIF(AB7:AJ7,3) -> 0 | AN7: =COUNTIF(AB7:AJ7,4) -> 6 | AO7: 1 | AP7: 1 | AQ7: 1 | AR7: 1 | AS7: 1 | AT7: 0 | AV7: 1 | AW7: 0 | AX7: 4 | AY7: 4 | AZ7: 3 | BA7: 3 | BB7: 3 | BD7: 2 | BE7: 3 | BG7: =COUNTIF(AX7:BF7,1) -> 0 | BH7: =COUNTIF(AX7:BF7,2) -> 1 | BI7: =COUNTIF(AX7:BF7,3) -> 4 | BJ7: =COUNTIF(AX7:BF7,4) -> 2 | BK7: =IF(AND(OR(AB7=3,AB7=4),OR(AX7=3,AX7=4)),1,0) -> 1 | BL7: =IF(AND(OR(AC7=3,AC7=4),OR(AY7=3,AY7=4)),1,0) -> 1 | BM7: =IF(AND(OR(AD7=3,AD7=4),OR(AZ7=3,AZ7=4)),1,0) -> 1 | BN7: =IF(AND(OR(AE7=3,AE7=4),OR(BA7=3,BA7=4)),1,0) -> 1 | BO7: =IF(AND(OR(AF7=3,AF7=4),OR(BB7=3,BB7=4)),1,0) -> 1 | BP7: =IF(AND(OR(AG7=3,AG7=4),OR(BC7=3,BC7=4)),1,0) -> 0 | BQ7: =IF(AND(OR(AH7=3,AH7=4),OR(BD7=3,BD7=4)),1,0) -> 0 | BR7: =IF(AND(OR(AI7=3,AI7=4),OR(BE7=3,BE7=4)),1,0) -> 1 | BS7: =IF(AND(OR(AJ7=3,AJ7=4),OR(BF7=3,BF7=4)),1,0) -> 0 | BT7: =SUM(Raw!AV2:AV9) -> 6 | BU7: =SUM(Raw!BC2:BC9) -> 5 | BV7: =SUM(Raw!BI2:BI9) -> 3 | BW7: =SUM(Raw!BN2:BN9) -> 1 | BX7: =SUM(Raw!BR2:BR9) -> 3 | BZ7: =SUM(Raw!BV2:BV9) -> 0 | CA7: =SUM(Raw!BW2:BW9) -> 3 | CC7: 2 | CD7: 2 | CE7: 1 | CF7: 2 | CG7: 1 | CH7: 2 | CI7: 0 | CJ7: 1 | CK7: 2 | CL7: 1 | CM7: 1 | CN7: 2 | CO7: 0 | CP7: 1 | CQ7: 2
A8: 1 | B8: 1 | C8: 8 | D8: 40876 | E8: 1 | F8: 1989 | G8: 4 | H8: 1 | I8: 1 | J8: 2 | K8: 2 | L8: 2 | M8: 3 | N8: 0 | O8: 1 | P8: 0 | Q8: 8 | R8: 8 | S8: 1 | T8: 1 | U8: 1 | V8: 2 | W8: 1 | X8: 1 | Y8: 1 | Z8: 5 | AA8: 0 | AB8: 3 | AC8: 3 | AD8: 3 | AE8: 3 | AF8: 3 | AG8: 3 | AH8: 3 | AK8: =COUNTIF(AB8:AJ8,1) -> 0 | AL8: =COUNTIF(AB8:AJ8,2) -> 0 | AM8: =COUNTIF(AB8:AJ8,3) -> 7 | AN8: =COUNTIF(AB8:AJ8,4) -> 0 | AO8: 1 | AP8: 1 | AQ8: 1 | AR8: 1 | AS8: 1 | AT8: 1 | AV8: 0 | AW8: 0 | AX8: 3 | AY8: 3 | AZ8: 3 | BA8: 3 | BB8: 3 | BC8: 3 | BD8: 3 | BG8: =COUNTIF(AX8:BF8,1) -> 0 | BH8: =COUNTIF(AX8:BF8,2) -> 0 | BI8: =COUNTIF(AX8:BF8,3) -> 7 | BJ8: =COUNTIF(AX8:BF8,4) -> 0 | BK8: =IF(AND(OR(AB8=3,AB8=4),OR(AX8=3,AX8=4)),1,0) -> 1 | BL8: =IF(AND(OR(AC8=3,AC8=4),OR(AY8=3,AY8=4)),1,0) -> 1 | BM8: =IF(AND(OR(AD8=3,AD8=4),OR(AZ8=3,AZ8=4)),1,0) -> 1 | BN8: =IF(AND(OR(AE8=3,AE8=4),OR(BA8=3,BA8=4)),1,0) -> 1 | BO8: =IF(AND(OR(AF8=3,AF8=4),OR(BB8=3,BB8=4)),1,0) -> 1 | BP8: =IF(AND(OR(AG8=3,AG8=4),OR(BC8=3,BC8=4)),1,0) -> 1 | BQ8: =IF(AND(OR(AH8=3,AH8=4),OR(BD8=3,BD8=4)),1,0) -> 1 | BR8: =IF(AND(OR(AI8=3,AI8=4),OR(BE8=3,BE8=4)),1,0) -> 0 | BS8: =IF(AND(OR(AJ8=3,AJ8=4),OR(BF8=3,BF8=4)),1,0) -> 0 | BT8: =SUM(Raw!AX2:AX9) -> 2 | BU8: =SUM(Raw!BE2:BE9) -> 3 | BV8: =SUM(Raw!BK2:BK9) -> 3 | BW8: =SUM(Raw!BP2:BP9) -> 2 | BX8: =SUM(Raw!BT2:BT9) -> 1 | BY8: =SUM(Raw!BW2:BW9) -> 3 | BZ8: =SUM(Raw!BY2:BY9) -> 0 | CC8: 1 | CD8: 1 | CE8: 1 | CF8: 2 | CG8: 1 | CH8: 2 | CI8: 1 | CJ8: 1 | CK8: 2 | CL8: 1 | CM8: 1 | CN8: 2 | CO8: 0 | CP8: 1 | CQ8: 2
A9: 1 | B9: 1 | C9: 9 | D9: 40876 | E9: 1 | F9: 1989 | G9: 2 | H9: 1 | I9: 0 | J9: 1 | K9: 2 | L9: 1 | M9: 4 | N9: 0 | O9: 1 | P9: 0 | Q9: 6 | R9: 2 | S9: 0 | T9: 1 | U9: 1 | V9: 2 | W9: 1 | X9: 1 | Y9: 1 | Z9: 0 | AA9: 0 | AB9: 3 | AC9: 3 | AD9: 3 | AE9: 2 | AF9: 3 | AG9: 3 | AH9: 2 | AI9: 3 | AK9: =COUNTIF(AB9:AJ9,1) -> 0 | AL9: =COUNTIF(AB9:AJ9,2) -> 2 | AM9: =COUNTIF(AB9:AJ9,3) -> 6 | AN9: =COUNTIF(AB9:AJ9,4) -> 0 | AO9: 0 | AP9: 0 | AQ9: 0 | AR9: 0 | AS9: 0 | AT9: 0 | AV9: 0 | AW9: 0 | AX9: 3 | AY9: 3 | AZ9: 3 | BA9: 2 | BB9: 3 | BC9: 3 | BD9: 2 | BE9: 3 | BG9: =COUNTIF(AX9:BF9,1) -> 0 | BH9: =COUNTIF(AX9:BF9,2) -> 2 | BI9: =COUNTIF(AX9:BF9,3) -> 6 | BJ9: =COUNTIF(AX9:BF9,4) -> 0 | BK9: =IF(AND(OR(AB9=3,AB9=4),OR(AX9=3,AX9=4)),1,0) -> 1 | BL9: =IF(AND(OR(AC9=3,AC9=4),OR(AY9=3,AY9=4)),1,0) -> 1 | BM9: =IF(AND(OR(AD9=3,AD9=4),OR(AZ9=3,AZ9=4)),1,0) -> 1 | BN9: =IF(AND(OR(AE9=3,AE9=4),OR(BA9=3,BA9=4)),1,0) -> 0 | BO9: =IF(AND(OR(AF9=3,AF9=4),OR(BB9=3,BB9=4)),1,0) -> 1 | BP9: =IF(AND(OR(AG9=3,AG9=4),OR(BC9=3,BC9=4)),1,0) -> 1 | BQ9: =IF(AND(OR(AH9=3,AH9=4),OR(BD9=3,BD9=4)),1,0) -> 0 | BR9: =IF(AND(OR(AI9=3,AI9=4),OR(BE9=3,BE9=4)),1,0) -> 1 | BS9: =IF(AND(OR(AJ9=3,AJ9=4),OR(BF9=3,BF9=4)),1,0) -> 0 | CC9: 2 | CD9: 2 | CE9: 2 | CF9: 2 | CG9: 2 | CH9: 2 | CI9: 1 | CJ9: 1 | CK9: 2 | CL9: 1 | CM9: 1 | CN9: 2 | CO9: 0 | CP9: 2 | CQ9: 2
A10: 2 | B10: 1 | C10: 1 | D10: 40876 | E10: 1 | F10: 1989 | G10: 1 | H10: 1 | I10: 0 | J10: 1 | K10: 0 | L10: 2 | M10: 3 | N10: 2 | O10: 0 | P10: 1 | Q10: 8 | R10: 1 | S10: 0 | T10: 1 | U10: 1 | V10: 2 | W10: 1 | X10: 5 | Y10: 1 | Z10: 3 | AA10: 2 | AC10: 4 | AD10: 4 | AE10: 4 | AF10: 4 | AG10: 3 | AH10: 3 | AK10: =COUNTIF(AB10:AJ10,1) -> 0 | AL10: =COUNTIF(AB10:AJ10,2) -> 0 | AM10: =COUNTIF(AB10:AJ10,3) -> 2 | AN10: =COUNTIF(AB10:AJ10,4) -> 4 | AO10: 0 | AQ10: 1 | AR10: 1 | AS10: 1 | AT10: 1 | AU10: 1 | AV10: 0 | AY10: 4 | AZ10: 4 | BA10: 4 | BB10: 3 | BC10: 3 | BD10: 3 | BG10: =COUNTIF(AX10:BF10,1) -> 0 | BH10: =COUNTIF(AX10:BF10,2) -> 0 | BI10: =COUNTIF(AX10:BF10,3) -> 3 | BJ10: =COUNTIF(AX10:BF10,4) -> 3 | BK10: =IF(AND(OR(AB10=3,AB10=4),OR(AX10=3,AX10=4)),1,0) -> 0 | BL10: =IF(AND(OR(AC10=3,AC10=4),OR(AY10=3,AY10=4)),1,0) -> 1 | BM10: =IF(AND(OR(AD10=3,AD10=4),OR(AZ10=3,AZ10=4)),1,0) -> 1 | BN10: =IF(AND(OR(AE10=3,AE10=4),OR(BA10=3,BA10=4)),1,0) -> 1 | BO10: =IF(AND(OR(AF10=3,AF10=4),OR(BB10=3,BB10=4)),1,0) -> 1 | BP10: =IF(AND(OR(AG10=3,AG10=4),OR(BC10=3,BC10=4)),1,0) -> 1 | BQ10: =IF(AND(OR(AH10=3,AH10=4),OR(BD10=3,BD10=4)),1,0) -> 1 | BR10: =IF(AND(OR(AI10=3,AI10=4),OR(BE10=3,BE10=4)),1,0) -> 0 | BS10: =IF(AND(OR(AJ10=3,AJ10=4),OR(BF10=3,BF10=4)),1,0) -> 0 | BU10: =SUM(Raw!AR10:AR16) -> 2 | BV10: =SUM(Raw!AS10:AS16) -> 5 | BW10: =SUM(Raw!AT10:AT16) -> 5 | BX10: =SUM(Raw!AU10:AU16) -> 3 | BY10: =SUM(Raw!AV10:AV16) -> 2 | BZ10: =SUM(Raw!AW10:AW16) -> 2 | CC10: 1 | CD10: 2 | CE10: 1 | CF10: 2 | CG10: 1 | CH10: 2 | CI10: 1 | CJ10: 1 | CK10: 2 | CL10: 0 | CM10: 1 | CN10: 2 | CO10: 0 | CP10: 1 | CQ10: 2
A11: 2 | B11: 1 | C11: 3 | D11: 40876 | E11: 1 | F11: 1982 | G11: 5 | H11: 1 | I11: 1 | J11: 2 | K11: 2 | L11: 2 | M11: 0 | N11: 2 | O11: 1 | P11: 0 | Q11: 4 | R11: 0 | S11: 0 | T11: 1 | U11: 1 | V11: 1 | W11: 1 | X11: 4 | Y11: 3 | Z11: 4 | AA11: 2 | AB11: 4 | AC11: 4 | AE11: 4 | AF11: 4 | AG11: 4 | AH11: 4 | AK11: =COUNTIF(AB11:AJ11,1) -> 0 | AL11: =COUNTIF(AB11:AJ11,2) -> 0 | AM11: =COUNTIF(AB11:AJ11,3) -> 0 | AN11: =COUNTIF(AB11:AJ11,4) -> 6 | AO11: 1 | AQ11: 0 | AR11: 1 | AS11: 1 | AT11: 1 | AU11: 1 | AV11: 0 | AX11: 4 | AY11: 4 | BA11: 4 | BB11: 4 | BC11: 4 | BD11: 4 | BG11: =COUNTIF(AX11:BF11,1) -> 0 | BH11: =COUNTIF(AX11:BF11,2) -> 0 | BI11: =COUNTIF(AX11:BF11,3) -> 0 | BJ11: =COUNTIF(AX11:BF11,4) -> 6 | BK11: =IF(AND(OR(AB11=3,AB11=4),OR(AX11=3,AX11=4)),1,0) -> 1 | BL11: =IF(AND(OR(AC11=3,AC11=4),OR(AY11=3,AY11=4)),1,0) -> 1 | BM11: =IF(AND(OR(AD11=3,AD11=4),OR(AZ11=3,AZ11=4)),1,0) -> 0 | BN11: =IF(AND(OR(AE11=3,AE11=4),OR(BA11=3,BA11=4)),1,0) -> 1 | BO11: =IF(AND(OR(AF11=3,AF11=4),OR(BB11=3,BB11=4)),1,0) -> 1 | BP11: =IF(AND(OR(AG11=3,AG11=4),OR(BC11=3,BC11=4)),1,0) -> 1 | BQ11: =IF(AND(OR(AH11=3,AH11=4),OR(BD11=3,BD11=4)),1,0) -> 1 | BR11: =IF(AND(OR(AI11=3,AI11=4),OR(BE11=3,BE11=4)),1,0) -> 0 | BS11: =IF(AND(OR(AJ11=3,AJ11=4),OR(BF11=3,BF11=4)),1,0) -> 0 | BT11: =SUM(Raw!AS10:AS16) -> 5 | BU11: =SUM(Raw!AZ10:AZ16) -> 5 | BW11: =SUM(Raw!BG10:BG16) -> 5 | BX11: =SUM(Raw!BH10:BH16) -> 3 | BY11: =SUM(Raw!BI10:BI16) -> 3 | BZ11: =SUM(Raw!BJ10:BJ16) -> 4 | CC11: 2 | CD11: 2 | CE11: 2 | CF11: 2 | CG11: 2 | CH11: 2 | CI11: 0 | CJ11: 2 | CK11: 2 | CL11: 0 | CM11: 2 | CN11: 2 | CO11: 0 | CP11: 2 | CQ11: 2
A12: 2 | B12: 1 | C12: 4 | D12: 40876 | E12: 1 | F12: 1985 | G12: 4 | H12: 1 | I12: 0 | J12: 0 | K12: 2 | L12: 0 | M12: 2 | N12: 5 | O12: 1 | P12: 0 | Q12: 5 | R12: 2 | S12: 2 | T12: 2 | U12: 2 | V12: 2 | W12: 1 | X12: 5 | Y12: 1 | Z12: 7 | AA12: 2 | AB12: 4 | AC12: 4 | AD12: 4 | AF12: 3 | AG12: 3 | AH12: 4 | AK12: =COUNTIF(AB12:AJ12,1) -> 0 | AL12: =COUNTIF(AB12:AJ12,2) -> 0 | AM12: =COUNTIF(AB12:AJ12,3) -> 2 | AN12: =COUNTIF(AB12:AJ12,4) -> 4 | AO12: 1 | AQ12: 1 | AR12: 0 | AS12: 1 | AT12: 1 | AU12: 1 | AV12: 0 | AX12: 4 | AY12: 4 | AZ12: 4 | BB12: 3 | BC12: 3 | BD12: 4 | BG12: =COUNTIF(AX12:BF12,1) -> 0 | BH12: =COUNTIF(AX12:BF12,2) -> 0 | BI12: =COUNTIF(AX12:BF12,3) -> 2 | BJ12: =COUNTIF(AX12:BF12,4) -> 4 | BK12: =IF(AND(OR(AB12=3,AB12=4),OR(AX12=3,AX12=4)),1,0) -> 1 | BL12: =IF(AND(OR(AC12=3,AC12=4),OR(AY12=3,AY12=4)),1,0) -> 1 | BM12: =IF(AND(OR(AD12=3,AD12=4),OR(AZ12=3,AZ12=4)),1,0) -> 1 | BN12: =IF(AND(OR(AE12=3,AE12=4),OR(BA12=3,BA12=4)),1,0) -> 0 | BO12: =IF(AND(OR(AF12=3,AF12=4),OR(BB12=3,BB12=4)),1,0) -> 1 | BP12: =IF(AND(OR(AG12=3,AG12=4),OR(BC12=3,BC12=4)),1,0) -> 1 | BQ12: =IF(AND(OR(AH12=3,AH12=4),OR(BD12=3,BD12=4)),1,0) -> 1 | BR12: =IF(AND(OR(AI12=3,AI12=4),OR(BE12=3,BE12=4)),1,0) -> 0 | BS12: =IF(AND(OR(AJ12=3,AJ12=4),OR(BF12=3,BF12=4)),1,0) -> 0 | BT12: =SUM(Raw!AT10:AT16) -> 5 | BU12: =SUM(Raw!BA10:BA16) -> 5 | BV12: =SUM(Raw!BG10:BG16) -> 5 | BX12: =SUM(Raw!BM10:BM16) -> 3 | BY12: =SUM(Raw!BN10:BN16) -> 4 | BZ12: =SUM(Raw!BO10:BO16) -> 4 | CC12: 2 | CD12: 2 | CE12: 2 | CF12: 1 | CG12: 1 | CH12: 2 | CI12: 1 | CJ12: 2 | CK12: 2 | CL12: 1 | CM12: 2 | CN12: 2 | CO12: 1 | CP12: 1 | CQ12: 2
A13: 2 | B13: 1 | C13: 5 | D13: 40876 | E13: 1 | F13: 1989 | G13: 4 | H13: 2 | I13: 0 | J13: 0 | K13: 1 | L13: 2 | M13: 5 | N13: 2 | O13: 5 | P13: 1 | Q13: 6 | R13: 2 | S13: 0 | T13: 2 | U13: 2 | V13: 2 | W13: 0 | X13: 0 | Y13: 0 | Z13: 0 | AA13: 0 | AB13: 3 | AC13: 3 | AD13: 3 | AE13: 3 | AG13: 3 | AH13: 3 | AK13: =COUNTIF(AB13:AJ13,1) -> 0 | AL13: =COUNTIF(AB13:AJ13,2) -> 0 | AM13: =COUNTIF(AB13:AJ13,3) -> 6 | AN13: =COUNTIF(AB13:AJ13,4) -> 0 | AO13: 1 | AQ13: 1 | AR13: 1 | AS13: 0 | AT13: 1 | AU13: 1 | AV13: 0 | AX13: 3 | AY13: 3 | AZ13: 3 | BA13: 3 | BC13: 3 | BD13: 3 | BG13: =COUNTIF(AX13:BF13,1) -> 0 | BH13: =COUNTIF(AX13:BF13,2) -> 0 | BI13: =COUNTIF(AX13:BF13,3) -> 6 | BJ13: =COUNTIF(AX13:BF13,4) -> 0 | BK13: =IF(AND(OR(AB13=3,AB13=4),OR(AX13=3,AX13=4)),1,0) -> 1 | BL13: =IF(AND(OR(AC13=3,AC13=4),OR(AY13=3,AY13=4)),1,0) -> 1 | BM13: =IF(AND(OR(AD13=3,AD13=4),OR(AZ13=3,AZ13=4)),1,0) -> 1 | BN13: =IF(AND(OR(AE13=3,AE13=4),OR(BA13=3,BA13=4)),1,0) -> 1 | BO13: =IF(AND(OR(AF13=3,AF13=4),OR(BB13=3,BB13=4)),1,0) -> 0 | BP13: =IF(AND(OR(AG13=3,AG13=4),OR(BC13=3,BC13=4)),1,0) -> 1 | BQ13: =IF(AND(OR(AH13=3,AH13=4),OR(BD13=3,BD13=4)),1,0) -> 1 | BR13: =IF(AND(OR(AI13=3,AI13=4),OR(BE13=3,BE13=4)),1,0) -> 0 | BS13: =IF(AND(OR(AJ13=3,AJ13=4),OR(BF13=3,BF13=4)),1,0) -> 0 | BT13: =SUM(Raw!AU10:AU16) -> 3 | BU13: =SUM(Raw!BB10:BB16) -> 2 | BV13: =SUM(Raw!BH10:BH16) -> 3 | BW13: =SUM(Raw!BM10:BM16) -> 3 | BY13: =SUM(Raw!BR10:BR16) -> 4 | BZ13: =SUM(Raw!BS10:BS16) -> 2 | CC13: 1 | CD13: 1 | CE13: 1 | CF13: 1 | CG13: 1 | CH13: 1
A14: 2 | B14: 1 | C14: 6 | D14: 40883 | E14: 1 | F14: 1987 | G14: 4 | H14: 2 | I14: 0 | J14: 0 | K14: 2 | L14: 1 | M14: 0 | N14: 0 | O14: 5 | P14: 1 | Q14: 10 | R14: 5 | S14: 0 | T14: 1 | U14: 2 | V14: 2 | W14: 2 | X14: 1 | Y14: 1 | Z14: 3 | AA14: 1 | AB14: 3 | AC14: 3 | AD14: 3 | AE14: 3 | AF14: 3 | AH14: 3 | AK14: =COUNTIF(AB14:AJ14,1) -> 0 | AL14: =COUNTIF(AB14:AJ14,2) -> 0 | AM14: =COUNTIF(AB14:AJ14,3) -> 6 | AN14: =COUNTIF(AB14:AJ14,4) -> 0 | AO14: 1 | AQ14: 1 | AR14: 1 | AS14: 1 | AT14: 0 | AU14: 1 | AV14: 0 | AX14: 3 | AY14: 3 | AZ14: 3 | BA14: 3 | BB14: 3 | BD14: 3 | BG14: =COUNTIF(AX14:BF14,1) -> 0 | BH14: =COUNTIF(AX14:BF14,2) -> 0 | BI14: =COUNTIF(AX14:BF14,3) -> 6 | BJ14: =COUNTIF(AX14:BF14,4) -> 0 | BK14: =IF(AND(OR(AB14=3,AB14=4),OR(AX14=3,AX14=4)),1,0) -> 1 | BL14: =IF(AND(OR(AC14=3,AC14=4),OR(AY14=3,AY14=4)),1,0) -> 1 | BM14: =IF(AND(OR(AD14=3,AD14=4),OR(AZ14=3,AZ14=4)),1,0) -> 1 | BN14: =IF(AND(OR(AE14=3,AE14=4),OR(BA14=3,BA14=4)),1,0) -> 1 | BO14: =IF(AND(OR(AF14=3,AF14=4),OR(BB14=3,BB14=4)),1,0) -> 1 | BP14: =IF(AND(OR(AG14=3,AG14=4),OR(BC14=3,BC14=4)),1,0) -> 0 | BQ14: =IF(AND(OR(AH14=3,AH14=4),OR(BD14=3,BD14=4)),1,0) -> 1 | BR14: =IF(AND(OR(AI14=3,AI14=4),OR(BE14=3,BE14=4)),1,0) -> 0 | BS14: =IF(AND(OR(AJ14=3,AJ14=4),OR(BF14=3,BF14=4)),1,0) -> 0 | BT14: =SUM(Raw!AV10:AV16) -> 2 | BU14: =SUM(Raw!BC10:BC16) -> 4 | BV14: =SUM(Raw!BI10:BI16) -> 3 | BW14: =SUM(Raw!BN10:BN16) -> 4 | BX14: =SUM(Raw!BR10:BR16) -> 4 | BZ14: =SUM(Raw!BV10:BV16) -> 1 | CC14: 1 | CD14: 1 | CE14: 1 | CF14: 1 | CG14: 1 | CH14: 1 | CI14: 1 | CJ14: 1 | CK14: 1 | CL14: 1 | CM14: 1 | CN14: 1 | CO14: 1 | CP14: 1 | CQ14: 1
A15: 2 | B15: 1 | C15: 7 | D15: 40876 | E15: 1 | F15: 1986 | G15: 4 | H15: 1 | I15: 1 | J15: 0 | K15: 2 | L15: 2 | M15: 3 | N15: 3 | O15: 6 | P15: 1 | Q15: 7 | R15: 3 | S15: 0 | T15: 2 | U15: 1 | V15: 2 | W15: 0 | X15: 4 | Y15: 3 | Z15: 1 | AA15: 1 | AB15: 3 | AC15: 3 | AD15: 3 | AE15: 3 | AF15: 3 | AG15: 3 | AK15: =COUNTIF(AB15:AJ15,1) -> 0 | AL15: =COUNTIF(AB15:AJ15,2) -> 0 | AM15: =COUNTIF(AB15:AJ15,3) -> 6 | AN15: =COUNTIF(AB15:AJ15,4) -> 0 | AO15: 1 | AQ15: 1 | AR15: 1 | AS15: 1 | AT15: 1 | AU15: 0 | AV15: 0 | AX15: 3 | AY15: 3 | AZ15: 3 | BA15: 3 | BB15: 2 | BC15: 3 | BG15: =COUNTIF(AX15:BF15,1) -> 0 | BH15: =COUNTIF(AX15:BF15,2) -> 1 | BI15: =COUNTIF(AX15:BF15,3) -> 5 | BJ15: =COUNTIF(AX15:BF15,4) -> 0 | BK15: =IF(AND(OR(AB15=3,AB15=4),OR(AX15=3,AX15=4)),1,0) -> 1 | BL15: =IF(AND(OR(AC15=3,AC15=4),OR(AY15=3,AY15=4)),1,0) -> 1 | BM15: =IF(AND(OR(AD15=3,AD15=4),OR(AZ15=3,AZ15=4)),1,0) -> 1 | BN15: =IF(AND(OR(AE15=3,AE15=4),OR(BA15=3,BA15=4)),1,0) -> 1 | BO15: =IF(AND(OR(AF15=3,AF15=4),OR(BB15=3,BB15=4)),1,0) -> 0 | BP15: =IF(AND(OR(AG15=3,AG15=4),OR(BC15=3,BC15=4)),1,0) -> 1 | BQ15: =IF(AND(OR(AH15=3,AH15=4),OR(BD15=3,BD15=4)),1,0) -> 0 | BR15: =IF(AND(OR(AI15=3,AI15=4),OR(BE15=3,BE15=4)),1,0) -> 0 | BS15: =IF(AND(OR(AJ15=3,AJ15=4),OR(BF15=3,BF15=4)),1,0) -> 0 | BT15: =SUM(Raw!AW10:AW16) -> 2 | BU15: =SUM(Raw!BD10:BD16) -> 3 | BV15: =SUM(Raw!BJ10:BJ16) -> 4 | BW15: =SUM(Raw!BO10:BO16) -> 4 | BX15: =SUM(Raw!BS10:BS16) -> 2 | BY15: =SUM(Raw!BV10:BV16) -> 1 | CC15: 2 | CD15: 2 | CE15: 1 | CF15: 2 | CG15: 1 | CH15: 2 | CI15: 0 | CJ15: 2 | CK15: 2 | CL15: 0 | CM15: 2 | CN15: 2 | CO15: 0 | CP15: 2 | CQ15: 2
A16: 2 | B16: 1 | C16: 8 | D16: 40876 | E16: 1 | F16: 1986 | G16: 6 | H16: 1 | I16: 0 | J16: 0 | K16: 1 | L16: 2 | M16: 3 | N16: 0 | O16: 6 | P16: 1 | Q16: 5 | R16: 4 | S16: 2 | T16: 1 | U16: 1 | V16: 2 | W16: 1 | X16: 4 | Y16: 4 | Z16: 7 | AA16: 2 | AB16: 4 | AC16: 4 | AD16: 4 | AE16: 4 | AF16: 3 | AG16: 3 | AH16: 4 | AK16: =COUNTIF(AB16:AJ16,1) -> 0 | AL16: =COUNTIF(AB16:AJ16,2) -> 0 | AM16: =COUNTIF(AB16:AJ16,3) -> 2 | AN16: =COUNTIF(AB16:AJ16,4) -> 5 | AO16: 0 | AQ16: 0 | AR16: 0 | AS16: 0 | AT16: 0 | AU16: 0 | AV16: 0 | AX16: 4 | AY16: 4 | AZ16: 4 | BA16: 4 | BB16: 3 | BC16: 3 | BD16: 4 | BG16: =COUNTIF(AX16:BF16,1) -> 0 | BH16: =COUNTIF(AX16:BF16,2) -> 0 | BI16: =COUNTIF(AX16:BF16,3) -> 2 | BJ16: =COUNTIF(AX16:BF16,4) -> 5 | BK16: =IF(AND(OR(AB16=3,AB16=4),OR(AX16=3,AX16=4)),1,0) -> 1 | BL16: =IF(AND(OR(AC16=3,AC16=4),OR(AY16=3,AY16=4)),1,0) -> 1 | BM16: =IF(AND(OR(AD16=3,AD16=4),OR(AZ16=3,AZ16=4)),1,0) -> 1 | BN16: =IF(AND(OR(AE16=3,AE16=4),OR(BA16=3,BA16=4)),1,0) -> 1 | BO16: =IF(AND(OR(AF16=3,AF16=4),OR(BB16=3,BB16=4)),1,0) -> 1 | BP16: =IF(AND(OR(AG16=3,AG16=4),OR(BC16=3,BC16=4)),1,0) -> 1 | BQ16: =IF(AND(OR(AH16=3,AH16=4),OR(BD16=3,BD16=4)),1,0) -> 1 | BR16: =IF(AND(OR(AI16=3,AI16=4),OR(BE16=3,BE16=4)),1,0) -> 0 | BS16: =IF(AND(OR(AJ16=3,AJ16=4),OR(BF16=3,BF16=4)),1,0) -> 0 | CC16: 2 | CD16: 1 | CE16: 2 | CF16: 1 | CG16: 2 | CH16: 1 | CI16: 0 | CJ16: 2 | CK16: 1 | CL16: 0 | CM16: 2 | CN16: 1 | CO16: 0 | CP16: 2 | CQ16: 1
A17: 3 | B17: 1 | C17: 1 | D17: 40876 | E17: 2 | F17: 1988 | G17: 3 | H17: 1 | I17: 0 | J17: 0 | K17: 2 | L17: 2 | M17: 3 | N17: 2 | O17: 2 | P17: 1 | Q17: 2 | R17: 2 | S17: 0 | T17: 1 | U17: 1 | V17: 2 | W17: 1 | X17: 2 | Y17: 1 | Z17: 8 | AA17: 0 | AC17: 4 | AD17: 4 | AE17: 3 | AF17: 3 | AG17: 3 | AH17: 3 | AI17: 3 | AK17: =COUNTIF(AB17:AJ17,1) -> 0 | AL17: =COUNTIF(AB17:AJ17,2) -> 0 | AM17: =COUNTIF(AB17:AJ17,3) -> 5 | AN17: =COUNTIF(AB17:AJ17,4) -> 2 | AO17: 0 | AP17: 1 | AQ17: 1 | AR17: 1 | AS17: 1 | AT17: 1 | AU17: 1 | AY17: 4 | AZ17: 3 | BA17: 3 | BB17: 3 | BC17: 3 | BD17: 3 | BE17: 3 | BG17: =COUNTIF(AX17:BF17,1) -> 0 | BH17: =COUNTIF(AX17:BF17,2) -> 0 | BI17: =COUNTIF(AX17:BF17,3) -> 6 | BJ17: =COUNTIF(AX17:BF17,4) -> 1 | BK17: =IF(AND(OR(AB17=3,AB17=4),OR(AX17=3,AX17=4)),1,0) -> 0 | BL17: =IF(AND(OR(AC17=3,AC17=4),OR(AY17=3,AY17=4)),1,0) -> 1 | BM17: =IF(AND(OR(AD17=3,AD17=4),OR(AZ17=3,AZ17=4)),1,0) -> 1 | BN17: =IF(AND(OR(AE17=3,AE17=4),OR(BA17=3,BA17=4)),1,0) -> 1 | BO17: =IF(AND(OR(AF17=3,AF17=4),OR(BB17=3,BB17=4)),1,0) -> 1 | BP17: =IF(AND(OR(AG17=3,AG17=4),OR(BC17=3,BC17=4)),1,0) -> 1 | BQ17: =IF(AND(OR(AH17=3,AH17=4),OR(BD17=3,BD17=4)),1,0) -> 1 | BR17: =IF(AND(OR(AI17=3,AI17=4),OR(BE17=3,BE17=4)),1,0) -> 1 | BS17: =IF(AND(OR(AJ17=3,AJ17=4),OR(BF17=3,BF17=4)),1,0) -> 0 | BU17: =SUM(Raw!AR17:AR23) -> 5 | BV17: =SUM(Raw!AS17:AS23) -> 4 | BW17: =SUM(Raw!AT17:AT23) -> 2 | BX17: =SUM(Raw!AU17:AU23) -> 3 | BY17: =SUM(Raw!AV17:AV23) -> 4 | BZ17: =SUM(Raw!AW17:AW23) -> 3 | CA17: =SUM(Raw!AX17:AX23) -> 2 | CC17: 1 | CD17: 2 | CE17: 2 | CF17: 2 | CG17: 2 | CH17: 2 | CI17: 0 | CJ17: 2 | CK17: 2 | CL17: 0 | CM17: 2 | CN17: 2 | CO17: 1 | CP17: 1 | CQ17: 1
A18: 3 | B18: 1 | C18: 2 | D18: 40876 | E18: 2 | F18: 1989 | G18: 3 | H18: 1 | I18: 1 | J18: 1 | K18: 2 | L18: 2 | M18: 2 | N18: 4 | O18: 1 | P18: 0 | Q18: 10 | R18: 3 | S18: 0 | T18: 1 | U18: 1 | V18: 2 | W18: 2 | X18: 4 | Y18: 3 | Z18: 6 | AA18: 2 | AB18: 4 | AD18: 3 | AE18: 3 | AF18: 3 | AG18: 3 | AH18: 3 | AI18: 2 | AK18: =COUNTIF(AB18:AJ18,1) -> 0 | AL18: =COUNTIF(AB18:AJ18,2) -> 1 | AM18: =COUNTIF(AB18:AJ18,3) -> 5 | AN18: =COUNTIF(AB18:AJ18,4) -> 1 | AO18: 1 | AP18: 0 | AQ18: 1 | AR18: 1 | AS18: 1 | AT18: 1 | AU18: 1 | AX18: 4 | AZ18: 3 | BA18: 2 | BB18: 3 | BC18: 3 | BD18: 3 | BE18: 2 | BG18: =COUNTIF(AX18:BF18,1) -> 0 | BH18: =COUNTIF(AX18:BF18,2) -> 2 | BI18: =COUNTIF(AX18:BF18,3) -> 4 | BJ18: =COUNTIF(AX18:BF18,4) -> 1 | BK18: =IF(AND(OR(AB18=3,AB18=4),OR(AX18=3,AX18=4)),1,0) -> 1 | BL18: =IF(AND(OR(AC18=3,AC18=4),OR(AY18=3,AY18=4)),1,0) -> 0 | BM18: =IF(AND(OR(AD18=3,AD18=4),OR(AZ18=3,AZ18=4)),1,0) -> 1 | BN18: =IF(AND(OR(AE18=3,AE18=4),OR(BA18=3,BA18=4)),1,0) -> 0 | BO18: =IF(AND(OR(AF18=3,AF18=4),OR(BB18=3,BB18=4)),1,0) -> 1 | BP18: =IF(AND(OR(AG18=3,AG18=4),OR(BC18=3,BC18=4)),1,0) -> 1 | BQ18: =IF(AND(OR(AH18=3,AH18=4),OR(BD18=3,BD18=4)),1,0) -> 1 | BR18: =IF(AND(OR(AI18=3,AI18=4),OR(BE18=3,BE18=4)),1,0) -> 0 | BS18: =IF(AND(OR(AJ18=3,AJ18=4),OR(BF18=3,BF18=4)),1,0) -> 0 | BT18: =SUM(Raw!AR17:AR23) -> 5 | BV18: =SUM(Raw!AZ17:AZ23) -> 4 | BW18: =SUM(Raw!BA17:BA23) -> 2 | BX18: =SUM(Raw!BB17:BB23) -> 2 | BY18: =SUM(Raw!BC17:BC23) -> 4 | BZ18: =SUM(Raw!BD17:BD23) -> 2 | CA18: =SUM(Raw!BE17:BE23) -> 1 | CC18: 1 | CD18: 2 | CE18: 1 | CF18: 2 | CG18: 1 | CH18: 2 | CI18: 1 | CJ18: 2 | CK18: 2 | CL18: 1 | CM18: 1 | CN18: 1 | CO18: 0 | CP18: 2 | CQ18: 1
A19: 3 | B19: 1 | C19: 3 | D19: 40876 | E19: 2 | F19: 1990 | G19: 3 | H19: 1 | I19: 0 | J19: 1 | K19: 2 | L19: 2 | M19: 3 | N19: 2 | O19: 3 | P19: 1 | Q19: 5 | R19: 3 | S19: 1 | T19: 4 | U19: 1 | V19: 2 | W19: 2 | X19: 3 | Y19: 3 | Z19: 3 | AA19: 2 | AB19: 3 | AC19: 3 | AE19: 4 | AF19: 3 | AG19: 4 | AH19: 4 | AI19: 3 | AK19: =COUNTIF(AB19:AJ19,1) -> 0 | AL19: =COUNTIF(AB19:AJ19,2) -> 0 | AM19: =COUNTIF(AB19:AJ19,3) -> 4 | AN19: =COUNTIF(AB19:AJ19,4) -> 3 | AO19: 1 | AP19: 1 | AQ19: 0 | AR19: 1 | AS19: 1 | AT19: 1 | AU19: 1 | AX19: 3 | AY19: 3 | BA19: 4 | BB19: 3 | BC19: 4 | BD19: 3 | BE19: 3 | BG19: =COUNTIF(AX19:BF19,1) -> 0 | BH19: =COUNTIF(AX19:BF19,2) -> 0 | BI19: =COUNTIF(AX19:BF19,3) -> 5 | BJ19: =COUNTIF(AX19:BF19,4) -> 2 | BK19: =IF(AND(OR(AB19=3,AB19=4),OR(AX19=3,AX19=4)),1,0) -> 1 | BL19: =IF(AND(OR(AC19=3,AC19=4),OR(AY19=3,AY19=4)),1,0) -> 1 | BM19: =IF(AND(OR(AD19=3,AD19=4),OR(AZ19=3,AZ19=4)),1,0) -> 0 | BN19: =IF(AND(OR(AE19=3,AE19=4),OR(BA19=3,BA19=4)),1,0) -> 1 | BO19: =IF(AND(OR(AF19=3,AF19=4),OR(BB19=3,BB19=4)),1,0) -> 1 | BP19: =IF(AND(OR(AG19=3,AG19=4),OR(BC19=3,BC19=4)),1,0) -> 1 | BQ19: =IF(AND(OR(AH19=3,AH19=4),OR(BD19=3,BD19=4)),1,0) -> 1 | BR19: =IF(AND(OR(AI19=3,AI19=4),OR(BE19=3,BE19=4)),1,0) -> 1 | BS19: =IF(AND(OR(AJ19=3,AJ19=4),OR(BF19=3,BF19=4)),1,0) -> 0 | BT19: =SUM(Raw!AS17:AS23) -> 4 | BU19: =SUM(Raw!AZ17:AZ23) -> 4 | BW19: =SUM(Raw!BG17:BG24) -> 4 | BX19: =SUM(Raw!BH17:BH24) -> 2 | BY19: =SUM(Raw!BI17:BI24) -> 3 | BZ19: =SUM(Raw!BJ17:BJ24) -> 2 | CA19: =SUM(Raw!BK17:BK24) -> 2 | CC19: 2 | CD19: 2 | CE19: 1 | CF19: 2 | CG19: 1 | CH19: 2 | CI19: 1 | CJ19: 1 | CK19: 1 | CL19: 1 | CM19: 2 | CN19: 2 | CO19: 0 | CP19: 1 | CQ19: 2
A20: 3 | B20: 1 | C20: 4 | D20: 40876 | E20: 2 | F20: 1990 | G20: 3 | H20: 1 | I20: 0 | J20: 2 | K20: 2 | L20: 1 | M20: 5 | N20: 2 | O20: 2 | P20: 1 | Q20: 1 | R20: 2 | S20: 0 | T20: 2 | U20: 1 | V20: 2 | W20: 2 | X20: 1 | Y20: 1 | Z20: 3 | AA20: 1 | AB20: 4 | AC20: 3 | AD20: 4 | AF20: 3 | AG20: 3 | AH20: 3 | AI20: 2 | AK20: =COUNTIF(AB20:AJ20,1) -> 0 | AL20: =COUNTIF(AB20:AJ20,2) -> 1 | AM20: =COUNTIF(AB20:AJ20,3) -> 4 | AN20: =COUNTIF(AB20:AJ20,4) -> 2 | AO20: 1 | AP20: 1 | AQ20: 1 | AR20: 0 | AS20: 1 | AT20: 1 | AU20: 1 | AX20: 3 | AY20: 3 | AZ20: 4 | BB20: 3 | BC20: 3 | BD20: 2 | BE20: 2 | BG20: =COUNTIF(AX20:BF20,1) -> 0 | BH20: =COUNTIF(AX20:BF20,2) -> 2 | BI20: =COUNTIF(AX20:BF20,3) -> 4 | BJ20: =COUNTIF(AX20:BF20,4) -> 1 | BK20: =IF(AND(OR(AB20=3,AB20=4),OR(AX20=3,AX20=4)),1,0) -> 1 | BL20: =IF(AND(OR(AC20=3,AC20=4),OR(AY20=3,AY20=4)),1,0) -> 1 | BM20: =IF(AND(OR(AD20=3,AD20=4),OR(AZ20=3,AZ20=4)),1,0) -> 1 | BN20: =IF(AND(OR(AE20=3,AE20=4),OR(BA20=3,BA20=4)),1,0) -> 0 | BO20: =IF(AND(OR(AF20=3,AF20=4),OR(BB20=3,BB20=4)),1,0) -> 1 | BP20: =IF(AND(OR(AG20=3,AG20=4),OR(BC20=3,BC20=4)),1,0) -> 1 | BQ20: =IF(AND(OR(AH20=3,AH20=4),OR(BD20=3,BD20=4)),1,0) -> 0 | BR20: =IF(AND(OR(AI20=3,AI20=4),OR(BE20=3,BE20=4)),1,0) -> 0 | BS20: =IF(AND(OR(AJ20=3,AJ20=4),OR(BF20=3,BF20=4)),1,0) -> 0 | BT20: =SUM(Raw!AT17:AT23) -> 2 | BU20: =SUM(Raw!BA17:BA23) -> 2 | BV20: =SUM(Raw!BG17:BG23) -> 4 | BX20: =SUM(Raw!BM17:BM23) -> 1 | BY20: =SUM(Raw!BN17:BN23) -> 3 | BZ20: =SUM(Raw!BO17:BO23) -> 1 | CA20: =SUM(Raw!BP17:BP23) -> 0 | CC20: 2 | CD20: 1 | CE20: 2 | CF20: 2 | CG20: 1 | CH20: 2 | CI20: 1 | CJ20: 1 | CK20: 1 | CL20: 1 | CM20: 2 | CN20: 1 | CO20: 1 | CP20: 2 | CQ20: 2
A21: 3 | B21: 1 | C21: 5 | D21: 40876 | E21: 2 | F21: 1993 | G21: 3 | H21: 1 | I21: 0 | J21: 0 | K21: 0 | L21: 0 | M21: 3 | N21: 0 | O21: 3 | P21: 0 | Q21: 4 | R21: 3 | S21: 1 | T21: 3 | U21: 1 | V21: 2 | W21: 1 | X21: 2 | Y21: 1 | Z21: 7 | AA21: 2 | AB21: 4 | AC21: 3 | AD21: 4 | AE21: 3 | AG21: 4 | AH21: 4 | AI21: 3 | AK21: =COUNTIF(AB21:AJ21,1) -> 0 | AL21: =COUNTIF(AB21:AJ21,2) -> 0 | AM21: =COUNTIF(AB21:AJ21,3) -> 3 | AN21: =COUNTIF(AB21:AJ21,4) -> 4 | AO21: 1 | AP21: 1 | AQ21: 1 | AR21: 1 | AS21: 0 | AT21: 1 | AU21: 1 | AX21: 3 | AY21: 3 | AZ21: 3 | BA21: 3 | BC21: 4 | BD21: 4 | BE21: 3 | BG21: =COUNTIF(AX21:BF21,1) -> 0 | BH21: =COUNTIF(AX21:BF21,2) -> 0 | BI21: =COUNTIF(AX21:BF21,3) -> 5 | BJ21: =COUNTIF(AX21:BF21,4) -> 2 | BK21: =IF(AND(OR(AB21=3,AB21=4),OR(AX21=3,AX21=4)),1,0) -> 1 | BL21: =IF(AND(OR(AC21=3,AC21=4),OR(AY21=3,AY21=4)),1,0) -> 1 | BM21: =IF(AND(OR(AD21=3,AD21=4),OR(AZ21=3,AZ21=4)),1,0) -> 1 | BN21: =IF(AND(OR(AE21=3,AE21=4),OR(BA21=3,BA21=4)),1,0) -> 1 | BO21: =IF(AND(OR(AF21=3,AF21=4),OR(BB21=3,BB21=4)),1,0) -> 0 | BP21: =IF(AND(OR(AG21=3,AG21=4),OR(BC21=3,BC21=4)),1,0) -> 1 | BQ21: =IF(AND(OR(AH21=3,AH21=4),OR(BD21=3,BD21=4)),1,0) -> 1 | BR21: =IF(AND(OR(AI21=3,AI21=4),OR(BE21=3,BE21=4)),1,0) -> 1 | BS21: =IF(AND(OR(AJ21=3,AJ21=4),OR(BF21=3,BF21=4)),1,0) -> 0 | BT21: =SUM(Raw!AU17:AU23) -> 3 | BU21: =SUM(Raw!BB17:BB23) -> 2 | BV21: =SUM(Raw!BH17:BH23) -> 2 | BW21: =SUM(Raw!BM17:BM23) -> 1 | BY21: =SUM(Raw!BR17:BR23) -> 2 | BZ21: =SUM(Raw!BS17:BS23) -> 3 | CA21: =SUM(Raw!BT17:BT23) -> 0 | CC21: 2 | CD21: 2 | CE21: 2 | CF21: 2 | CG21: 2 | CH21: 2 | CI21: 1 | CJ21: 2 | CK21: 2 | CL21: 0 | CM21: 1 | CN21: 2 | CO21: 0 | CP21: 2 | CQ21: 2
A22: 3 | B22: 1 | C22: 6 | D22: 40876 | E22: 2 | F22: 1990 | G22: 3 | H22: 1 | I22: 0 | J22: 1 | K22: 2 | L22: 1 | M22: 0 | N22: 0 | P22: 0 | Q22: 8 | R22: 6 | S22: 0 | T22: 2 | U22: 1 | V22: 2 | W22: 0 | X22: 4 | Y22: 4 | Z22: 8 | AA22: 0 | AB22: 4 | AC22: 4 | AD22: 4 | AE22: 4 | AF22: 4 | AH22: 4 | AI22: 4 | AK22: =COUNTIF(AB22:AJ22,1) -> 0 | AL22: =COUNTIF(AB22:AJ22,2) -> 0 | AM22: =COUNTIF(AB22:AJ22,3) -> 0 | AN22: =COUNTIF(AB22:AJ22,4) -> 7 | AO22: 1 | AP22: 1 | AQ22: 1 | AR22: 1 | AS22: 1 | AT22: 0 | AU22: 1 | AX22: 4 | AY22: 3 | AZ22: 4 | BA22: 3 | BB22: 3 | BD22: 4 | BE22: 3 | BG22: =COUNTIF(AX22:BF22,1) -> 0 | BH22: =COUNTIF(AX22:BF22,2) -> 0 | BI22: =COUNTIF(AX22:BF22,3) -> 4 | BJ22: =COUNTIF(AX22:BF22,4) -> 3 | BK22: =IF(AND(OR(AB22=3,AB22=4),OR(AX22=3,AX22=4)),1,0) -> 1 | BL22: =IF(AND(OR(AC22=3,AC22=4),OR(AY22=3,AY22=4)),1,0) -> 1 | BM22: =IF(AND(OR(AD22=3,AD22=4),OR(AZ22=3,AZ22=4)),1,0) -> 1 | BN22: =IF(AND(OR(AE22=3,AE22=4),OR(BA22=3,BA22=4)),1,0) -> 1 | BO22: =IF(AND(OR(AF22=3,AF22=4),OR(BB22=3,BB22=4)),1,0) -> 1 | BP22: =IF(AND(OR(AG22=3,AG22=4),OR(BC22=3,BC22=4)),1,0) -> 0 | BQ22: =IF(AND(OR(AH22=3,AH22=4),OR(BD22=3,BD22=4)),1,0) -> 1 | BR22: =IF(AND(OR(AI22=3,AI22=4),OR(BE22=3,BE22=4)),1,0) -> 1 | BS22: =IF(AND(OR(AJ22=3,AJ22=4),OR(BF22=3,BF22=4)),1,0) -> 0 | BT22: =SUM(Raw!AV17:AV23) -> 4 | BU22: =SUM(Raw!BC17:BC23) -> 4 | BV22: =SUM(Raw!BI17:BI23) -> 3 | BW22: =SUM(Raw!BN17:BN23) -> 3 | BX22: =SUM(Raw!BR17:BR23) -> 2 | BZ22: =SUM(Raw!BV17:BV23) -> 3 | CA22: =SUM(Raw!BW17:BW23) -> 0 | CC22: 2 | CD22: 2 | CE22: 1 | CF22: 2 | CG22: 1 | CH22: 2 | CI22: 1 | CJ22: 2 | CK22: 2 | CL22: 0 | CM22: 2 | CN22: 2 | CO22: 0 | CP22: 1 | CQ22: 2
A23: 3 | B23: 1 | C23: 7 | D23: 40876 | E23: 2 | F23: 1988 | G23: 3 | H23: 1 | I23: 0 | J23: 1 | K23: 1 | L23: 0 | M23: 3 | N23: 0 | O23: 5 | P23: 1 | Q23: 3 | R23: 2 | S23: 1 | T23: 1 | U23: 0 | V23: 2 | W23: 2 | X23: 3 | Y23: 3 | Z23: 7 | AA23: 0 | AB23: 4 | AC23: 3 | AD23: 4 | AE23: 3 | AF23: 4 | AG23: 4 | AI23: 3 | AK23: =COUNTIF(AB23:AJ23,1) -> 0 | AL23: =COUNTIF(AB23:AJ23,2) -> 0 | AM23: =COUNTIF(AB23:AJ23,3) -> 3 | AN23: =COUNTIF(AB23:AJ23,4) -> 4 | AO23: 1 | AP23: 1 | AQ23: 1 | AR23: 1 | AS23: 1 | AT23: 1 | AU23: 0 | AX23: 4 | AY23: 3 | AZ23: 4 | BA23: 3 | BB23: 4 | BC23: 4 | BE23: 3 | BG23: =COUNTIF(AX23:BF23,1) -> 0 | BH23: =COUNTIF(AX23:BF23,2) -> 0 | BI23: =COUNTIF(AX23:BF23,3) -> 3 | BJ23: =COUNTIF(AX23:BF23,4) -> 4 | BK23: =IF(AND(OR(AB23=3,AB23=4),OR(AX23=3,AX23=4)),1,0) -> 1 | BL23: =IF(AND(OR(AC23=3,AC23=4),OR(AY23=3,AY23=4)),1,0) -> 1 | BM23: =IF(AND(OR(AD23=3,AD23=4),OR(AZ23=3,AZ23=4)),1,0) -> 1 | BN23: =IF(AND(OR(AE23=3,AE23=4),OR(BA23=3,BA23=4)),1,0) -> 1 | BO23: =IF(AND(OR(AF23=3,AF23=4),OR(BB23=3,BB23=4)),1,0) -> 1 | BP23: =IF(AND(OR(AG23=3,AG23=4),OR(BC23=3,BC23=4)),1,0) -> 1 | BQ23: =IF(AND(OR(AH23=3,AH23=4),OR(BD23=3,BD23=4)),1,0) -> 0 | BR23: =IF(AND(OR(AI23=3,AI23=4),OR(BE23=3,BE23=4)),1,0) -> 1 | BS23: =IF(AND(OR(AJ23=3,AJ23=4),OR(BF23=3,BF23=4)),1,0) -> 0 | BT23: =SUM(Raw!AW17:AW23) -> 3 | BU23: =SUM(Raw!BD17:BD23) -> 2 | BV23: =SUM(Raw!BJ17:BJ23) -> 2 | BW23: =SUM(Raw!BO17:BO23) -> 1 | BX23: =SUM(Raw!BS17:BS23) -> 3 | BY23: =SUM(Raw!BV17:BV23) -> 3 | CA23: =SUM(Raw!BW17:BW23) -> 0 | CC23: 2 | CD23: 1 | CE23: 2 | CF23: 1 | CG23: 2 | CH23: 1 | CI23: 1 | CJ23: 2 | CK23: 2 | CL23: 0 | CM23: 2 | CN23: 1 | CO23: 0 | CP23: 2 | CQ23: 1
A24: 4 | B24: 1 | C24: 1 | D24: 40876 | E24: 2 | F24: 1990 | G24: 1 | H24: 1 | I24: 0 | J24: 1 | K24: 0 | L24: 1 | M24: 3 | N24: 0 | O24: 4 | P24: 1 | Q24: 1 | R24: 0 | S24: 1 | T24: 1 | U24: 0 | V24: 2 | W24: 1 | X24: 1 | Y24: 0 | Z24: 0 | AA24: 2 | AC24: 3 | AD24: 2 | AE24: 1 | AF24: 3 | AG24: 3 | AH24: 3 | AI24: 4 | AK24: =COUNTIF(AB24:AJ24,1) -> 1 | AL24: =COUNTIF(AB24:AJ24,2) -> 1 | AM24: =COUNTIF(AB24:AJ24,3) -> 4 | AN24: =COUNTIF(AB24:AJ24,4) -> 1 | AO24: 0 | AP24: 1 | AQ24: 0 | AR24: 0 | AS24: 1 | AT24: 1 | AU24: 1 | AV24: 1 | AY24: 3 | AZ24: 2 | BA24: 2 | BB24: 3 | BC24: 3 | BD24: 2 | BE24: 3 | BG24: =COUNTIF(AX24:BF24,1) -> 0 | BH24: =COUNTIF(AX24:BF24,2) -> 3 | BI24: =COUNTIF(AX24:BF24,3) -> 4 | BJ24: =COUNTIF(AX24:BF24,4) -> 0 | BK24: =IF(AND(OR(AB24=3,AB24=4),OR(AX24=3,AX24=4)),1,0) -> 0 | BL24: =IF(AND(OR(AC24=3,AC24=4),OR(AY24=3,AY24=4)),1,0) -> 1 | BM24: =IF(AND(OR(AD24=3,AD24=4),OR(AZ24=3,AZ24=4)),1,0) -> 0 | BN24: =IF(AND(OR(AE24=3,AE24=4),OR(BA24=3,BA24=4)),1,0) -> 0 | BO24: =IF(AND(OR(AF24=3,AF24=4),OR(BB24=3,BB24=4)),1,0) -> 1 | BP24: =IF(AND(OR(AG24=3,AG24=4),OR(BC24=3,BC24=4)),1,0) -> 1 | BQ24: =IF(AND(OR(AH24=3,AH24=4),OR(BD24=3,BD24=4)),1,0) -> 0 | BR24: =IF(AND(OR(AI24=3,AI24=4),OR(BE24=3,BE24=4)),1,0) -> 1 | BS24: =IF(AND(OR(AJ24=3,AJ24=4),OR(BF24=3,BF24=4)),1,0) -> 0 | BU24: =SUM(Raw!AR24:AR31) -> 3 | BV24: =SUM(Raw!AS24:AS31) -> 2 | BW24: =SUM(Raw!AT24:AT31) -> 2 | BX24: =SUM(Raw!AU24:AU31) -> 3 | BY24: =SUM(Raw!AV24:AV31) -> 3 | BZ24: =SUM(Raw!AW24:AW31) -> 2 | CA24: =SUM(Raw!AX24:AX31) -> 2 | CC24: 2 | CD24: 2 | CE24: 2 | CF24: 2 | CG24: 2 | CH24: 1 | CI24: 1 | CJ24: 2 | CK24: 2 | CL24: 0 | CM24: 2 | CN24: 2 | CO24: 0 | CP24: 2 | CQ24: 1
A25: 4 | B25: 1 | C25: 2 | D25: 40876 | E25: 2 | F25: 1987 | G25: 5 | H25: 1 | I25: 1 | J25: 2 | K25: 2 | L25: 2 | M25: 3 | N25: 0 | P25: 0 | Q25: 7 | R25: 0 | S25: 0 | T25: 4 | U25: 1 | V25: 1 | W25: 1 | X25: 1 | Y25: 1 | Z25: 0 | AA25: 1 | AB25: 3 | AD25: 3 | AE25: 3 | AF25: 3 | AG25: 3 | AH25: 3 | AI25: 3 | AK25: =COUNTIF(AB25:AJ25,1) -> 0 | AL25: =COUNTIF(AB25:AJ25,2) -> 0 | AM25: =COUNTIF(AB25:AJ25,3) -> 7 | AN25: =COUNTIF(AB25:AJ25,4) -> 0 | AO25: 1 | AP25: 0 | AQ25: 1 | AR25: 1 | AS25: 1 | AT25: 1 | AU25: 1 | AV25: 1 | AX25: 3 | AZ25: 2 | BA25: 3 | BB25: 3 | BC25: 3 | BD25: 3 | BE25: 3 | BG25: =COUNTIF(AX25:BF25,1) -> 0 | BH25: =COUNTIF(AX25:BF25,2) -> 1 | BI25: =COUNTIF(AX25:BF25,3) -> 6 | BJ25: =COUNTIF(AX25:BF25,4) -> 0 | BK25: =IF(AND(OR(AB25=3,AB25=4),OR(AX25=3,AX25=4)),1,0) -> 1 | BL25: =IF(AND(OR(AC25=3,AC25=4),OR(AY25=3,AY25=4)),1,0) -> 0 | BM25: =IF(AND(OR(AD25=3,AD25=4),OR(AZ25=3,AZ25=4)),1,0) -> 0 | BN25: =IF(AND(OR(AE25=3,AE25=4),OR(BA25=3,BA25=4)),1,0) -> 1 | BO25: =IF(AND(OR(AF25=3,AF25=4),OR(BB25=3,BB25=4)),1,0) -> 1 | BP25: =IF(AND(OR(AG25=3,AG25=4),OR(BC25=3,BC25=4)),1,0) -> 1 | BQ25: =IF(AND(OR(AH25=3,AH25=4),OR(BD25=3,BD25=4)),1,0) -> 1 | BR25: =IF(AND(OR(AI25=3,AI25=4),OR(BE25=3,BE25=4)),1,0) -> 1 | BS25: =IF(AND(OR(AJ25=3,AJ25=4),OR(BF25=3,BF25=4)),1,0) -> 0 | BT25: =SUM(Raw!AR24:AR31) -> 3 | BV25: =SUM(Raw!AZ24:AZ31) -> 3 | BW25: =SUM(Raw!BA24:BA31) -> 2 | BX25: =SUM(Raw!BB24:BB31) -> 2 | BY25: =SUM(Raw!BC24:BC31) -> 2 | BZ25: =SUM(Raw!BD24:BD31) -> 0 | CA25: =SUM(Raw!BE24:BE31) -> 3 | CC25: 2 | CD25: 2 | CE25: 2 | CF25: 2 | CG25: 2 | CH25: 2 | CI25: 0 | CJ25: 2 | CK25: 2 | CL25: 0 | CM25: 2 | CN25: 2 | CO25: 0 | CP25: 2 | CQ25: 2
A26: 4 | B26: 1 | C26: 3 | D26: 40883 | E26: 2 | F26: 1987 | G26: 4 | H26: 1 | I26: 0 | J26: 0 | K26: 2 | L26: 2 | M26: 3 | N26: 0 | O26: 2 | P26: 1 | Q26: 3 | R26: 0 | S26: 1 | T26: 1 | U26: 2 | V26: 0 | W26: 2 | X26: 1 | Y26: 0 | Z26: 0 | AA26: 2 | AB26: 2 | AC26: 3 | AE26: 3 | AF26: 3 | AG26: 3 | AH26: 3 | AI26: 3 | AK26: =COUNTIF(AB26:AJ26,1) -> 0 | AL26: =COUNTIF(AB26:AJ26,2) -> 1 | AM26: =COUNTIF(AB26:AJ26,3) -> 6 | AN26: =COUNTIF(AB26:AJ26,4) -> 0 | AO26: 0 | AP26: 1 | AQ26: 0 | AR26: 1 | AS26: 1 | AT26: 0 | AU26: 1 | AV26: 1 | AX26: 3 | AY26: 3 | BA26: 3 | BB26: 3 | BC26: 3 | BD26: 3 | BE26: 3 | BG26: =COUNTIF(AX26:BF26,1) -> 0 | BH26: =COUNTIF(AX26:BF26,2) -> 0 | BI26: =COUNTIF(AX26:BF26,3) -> 7 | BJ26: =COUNTIF(AX26:BF26,4) -> 0 | BK26: =IF(AND(OR(AB26=3,AB26=4),OR(AX26=3,AX26=4)),1,0) -> 0 | BL26: =IF(AND(OR(AC26=3,AC26=4),OR(AY26=3,AY26=4)),1,0) -> 1 | BM26: =IF(AND(OR(AD26=3,AD26=4),OR(AZ26=3,AZ26=4)),1,0) -> 0 | BN26: =IF(AND(OR(AE26=3,AE26=4),OR(BA26=3,BA26=4)),1,0) -> 1 | BO26: =IF(AND(OR(AF26=3,AF26=4),OR(BB26=3,BB26=4)),1,0) -> 1 | BP26: =IF(AND(OR(AG26=3,AG26=4),OR(BC26=3,BC26=4)),1,0) -> 1 | BQ26: =IF(AND(OR(AH26=3,AH26=4),OR(BD26=3,BD26=4)),1,0) -> 1 | BR26: =IF(AND(OR(AI26=3,AI26=4),OR(BE26=3,BE26=4)),1,0) -> 1 | BS26: =IF(AND(OR(AJ26=3,AJ26=4),OR(BF26=3,BF26=4)),1,0) -> 0 | BT26: =SUM(Raw!AS24:AS31) -> 2 | BU26: =SUM(Raw!AZ24:AZ31) -> 3 | BW26: =SUM(Raw!BG24:BG31) -> 2 | BX26: =SUM(Raw!BH24:BH31) -> 2 | BY26: =SUM(Raw!BI24:BI31) -> 3 | BZ26: =SUM(Raw!BJ24:BJ31) -> 0 | CA26: =SUM(Raw!BK24:BK31) -> 5 | CC26: 1 | CD26: 2 | CE26: 1 | CF26: 2 | CG26: 1 | CH26: 2 | CI26: 0 | CJ26: 1 | CK26: 2 | CL26: 0 | CM26: 1 | CN26: 2 | CO26: 0 | CP26: 1 | CQ26: 2
A27: 4 | B27: 1 | C27: 4 | D27: 40876 | E27: 2 | F27: 1991 | G27: 4 | H27: 1 | I27: 0 | J27: 1 | K27: 2 | L27: 1 | M27: 3 | N27: 2 | O27: 3 | P27: 0 | Q27: 1 | R27: 1 | S27: 0 | T27: 3 | U27: 1 | V27: 2 | W27: 2 | X27: 0 | Y27: 0 | Z27: 6 | AA27: 2 | AB27: 4 | AC27: 4 | AD27: 4 | AF27: 4 | AG27: 4 | AH27: 4 | AI27: 4 | AK27: =COUNTIF(AB27:AJ27,1) -> 0 | AL27: =COUNTIF(AB27:AJ27,2) -> 0 | AM27: =COUNTIF(AB27:AJ27,3) -> 0 | AN27: =COUNTIF(AB27:AJ27,4) -> 7 | AO27: 0 | AP27: 1 | AQ27: 1 | AR27: 0 | AS27: 1 | AT27: 1 | AU27: 1 | AV27: 1 | AX27: 2 | AY27: 2 | AZ27: 2 | BB27: 3 | BC27: 3 | BD27: 3 | BE27: 3 | BG27: =COUNTIF(AX27:BF27,1) -> 0 | BH27: =COUNTIF(AX27:BF27,2) -> 3 | BI27: =COUNTIF(AX27:BF27,3) -> 4 | BJ27: =COUNTIF(AX27:BF27,4) -> 0 | BK27: =IF(AND(OR(AB27=3,AB27=4),OR(AX27=3,AX27=4)),1,0) -> 0 | BL27: =IF(AND(OR(AC27=3,AC27=4),OR(AY27=3,AY27=4)),1,0) -> 0 | BM27: =IF(AND(OR(AD27=3,AD27=4),OR(AZ27=3,AZ27=4)),1,0) -> 0 | BN27: =IF(AND(OR(AE27=3,AE27=4),OR(BA27=3,BA27=4)),1,0) -> 0 | BO27: =IF(AND(OR(AF27=3,AF27=4),OR(BB27=3,BB27=4)),1,0) -> 1 | BP27: =IF(AND(OR(AG27=3,AG27=4),OR(BC27=3,BC27=4)),1,0) -> 1 | BQ27: =IF(AND(OR(AH27=3,AH27=4),OR(BD27=3,BD27=4)),1,0) -> 1 | BR27: =IF(AND(OR(AI27=3,AI27=4),OR(BE27=3,BE27=4)),1,0) -> 1 | BS27: =IF(AND(OR(AJ27=3,AJ27=4),OR(BF27=3,BF27=4)),1,0) -> 0 | BT27: =SUM(Raw!AT24:AT31) -> 2 | BU27: =SUM(Raw!BA24:BA31) -> 2 | BV27: =SUM(Raw!BG24:BG31) -> 2 | BX27: =SUM(Raw!BM24:BM31) -> 2 | BY27: =SUM(Raw!BN24:BN31) -> 4 | BZ27: =SUM(Raw!BO24:BO31) -> 3 | CA27: =SUM(Raw!BP24:BP31) -> 4 | CC27: 2 | CD27: 2 | CE27: 2 | CF27: 2 | CG27: 2 | CH27: 2 | CI27: 1 | CJ27: 2 | CK27: 2 | CL27: 1 | CM27: 2 | CN27: 2 | CO27: 1 | CP27: 2 | CQ27: 2
A28: 4 | B28: 1 | C28: 5 | D28: 40876 | E28: 2 | F28: 1993 | G28: 4 | H28: 2 | I28: 0 | J28: 1 | K28: 0 | L28: 2 | M28: 3 | N28: 0 | O28: 5 | P28: 1 | Q28: 1 | R28: 3 | S28: 1 | T28: 1 | U28: 1 | V28: 2 | W28: 2 | X28: 1 | Y28: 1 | Z28: 6 | AA28: 2 | AB28: 3 | AC28: 3 | AD28: 3 | AE28: 3 | AG28: 3 | AH28: 3 | AI28: 3 | AK28: =COUNTIF(AB28:AJ28,1) -> 0 | AL28: =COUNTIF(AB28:AJ28,2) -> 0 | AM28: =COUNTIF(AB28:AJ28,3) -> 7 | AN28: =COUNTIF(AB28:AJ28,4) -> 0 | AO28: 1 | AP28: 1 | AQ28: 1 | AR28: 1 | AS28: 0 | AT28: 0 | AU28: 1 | AV28: 0 | AX28: 3 | AY28: 3 | AZ28: 3 | BA28: 3 | BC28: 3 | BD28: 3 | BE28: 3 | BG28: =COUNTIF(AX28:BF28,1) -> 0 | BH28: =COUNTIF(AX28:BF28,2) -> 0 | BI28: =COUNTIF(AX28:BF28,3) -> 7 | BJ28: =COUNTIF(AX28:BF28,4) -> 0 | BK28: =IF(AND(OR(AB28=3,AB28=4),OR(AX28=3,AX28=4)),1,0) -> 1 | BL28: =IF(AND(OR(AC28=3,AC28=4),OR(AY28=3,AY28=4)),1,0) -> 1 | BM28: =IF(AND(OR(AD28=3,AD28=4),OR(AZ28=3,AZ28=4)),1,0) -> 1 | BN28: =IF(AND(OR(AE28=3,AE28=4),OR(BA28=3,BA28=4)),1,0) -> 1 | BO28: =IF(AND(OR(AF28=3,AF28=4),OR(BB28=3,BB28=4)),1,0) -> 0 | BP28: =IF(AND(OR(AG28=3,AG28=4),OR(BC28=3,BC28=4)),1,0) -> 1 | BQ28: =IF(AND(OR(AH28=3,AH28=4),OR(BD28=3,BD28=4)),1,0) -> 1 | BR28: =IF(AND(OR(AI28=3,AI28=4),OR(BE28=3,BE28=4)),1,0) -> 1 | BS28: =IF(AND(OR(AJ28=3,AJ28=4),OR(BF28=3,BF28=4)),1,0) -> 0 | BT28: =SUM(Raw!AU24:AU31) -> 3 | BU28: =SUM(Raw!BB24:BB31) -> 2 | BV28: =SUM(Raw!BH24:BH31) -> 2 | BW28: =SUM(Raw!BM24:BM31) -> 2 | BY28: =SUM(Raw!BR24:BR31) -> 3 | BZ28: =SUM(Raw!BS24:BS31) -> 3 | CA28: =SUM(Raw!BT24:BT31) -> 3 | CC28: 1 | CD28: 2 | CE28: 1 | CF28: 2 | CG28: 1 | CH28: 2 | CI28: 0 | CJ28: 1 | CK28: 1 | CL28: 0 | CM28: 1 | CN28: 1 | CO28: 0 | CP28: 1 | CQ28: 2
A29: 4 | B29: 1 | C29: 6 | D29: 40876 | E29: 2 | F29: 1991 | G29: 2 | H29: 1 | I29: 0 | J29: 1 | K29: 2 | L29: 2 | M29: 5 | N29: 1 | O29: 2 | P29: 1 | Q29: 5 | R29: 1 | S29: 1 | T29: 1 | U29: 2 | V29: 2 | W29: 2 | X29: 1 | Y29: 1 | Z29: 0 | AA29: 0 | AB29: 3 | AC29: 3 | AD29: 1 | AE29: 3 | AF29: 1 | AH29: 3 | AI29: 3 | AK29: =COUNTIF(AB29:AJ29,1) -> 2 | AL29: =COUNTIF(AB29:AJ29,2) -> 0 | AM29: =COUNTIF(AB29:AJ29,3) -> 5 | AN29: =COUNTIF(AB29:AJ29,4) -> 0 | AO29: 1 | AP29: 1 | AQ29: 0 | AR29: 1 | AS29: 0 | AT29: 0 | AU29: 1 | AV29: 1 | AX29: 3 | AY29: 3 | AZ29: 3 | BA29: 3 | BB29: 3 | BD29: 3 | BE29: 3 | BG29: =COUNTIF(AX29:BF29,1) -> 0 | BH29: =COUNTIF(AX29:BF29,2) -> 0 | BI29: =COUNTIF(AX29:BF29,3) -> 7 | BJ29: =COUNTIF(AX29:BF29,4) -> 0 | BK29: =IF(AND(OR(AB29=3,AB29=4),OR(AX29=3,AX29=4)),1,0) -> 1 | BL29: =IF(AND(OR(AC29=3,AC29=4),OR(AY29=3,AY29=4)),1,0) -> 1 | BM29: =IF(AND(OR(AD29=3,AD29=4),OR(AZ29=3,AZ29=4)),1,0) -> 0 | BN29: =IF(AND(OR(AE29=3,AE29=4),OR(BA29=3,BA29=4)),1,0) -> 1 | BO29: =IF(AND(OR(AF29=3,AF29=4),OR(BB29=3,BB29=4)),1,0) -> 0 | BP29: =IF(AND(OR(AG29=3,AG29=4),OR(BC29=3,BC29=4)),1,0) -> 0 | BQ29: =IF(AND(OR(AH29=3,AH29=4),OR(BD29=3,BD29=4)),1,0) -> 1 | BR29: =IF(AND(OR(AI29=3,AI29=4),OR(BE29=3,BE29=4)),1,0) -> 1 | BS29: =IF(AND(OR(AJ29=3,AJ29=4),OR(BF29=3,BF29=4)),1,0) -> 0 | BT29: =SUM(Raw!AV24:AV31) -> 3 | BU29: =SUM(Raw!BC24:BC31) -> 2 | BV29: =SUM(Raw!BI24:BI31) -> 3 | BW29: =SUM(Raw!BN24:BN31) -> 4 | BX29: =SUM(Raw!BR24:BR31) -> 3 | BZ29: =SUM(Raw!BV24:BV31) -> 4 | CA29: =SUM(Raw!BW24:BW31) -> 5 | CC29: 2 | CD29: 1 | CE29: 2 | CF29: 1 | CG29: 2 | CH29: 1 | CI29: 0 | CJ29: 2 | CK29: 1 | CL29: 0 | CM29: 2 | CN29: 1 | CO29: 0 | CP29: 2 | CQ29: 1
A30: 4 | B30: 1 | C30: 7 | D30: 40876 | E30: 2 | F30: 1993 | G30: 1 | H30: 1 | I30: 0 | J30: 1 | K30: 2 | L30: 2 | M30: 3 | N30: 2 | O30: 3 | P30: 0 | Q30: 2 | R30: 2 | S30: 0 | T30: 1 | U30: 2 | V30: 2 | W30: 1 | X30: 1 | Y30: 2 | Z30: 7 | AA30: 0 | AB30: 3 | AC30: 3 | AD30: 3 | AE30: 3 | AF30: 3 | AG30: 3 | AI30: 3 | AK30: =COUNTIF(AB30:AJ30,1) -> 0 | AL30: =COUNTIF(AB30:AJ30,2) -> 0 | AM30: =COUNTIF(AB30:AJ30,3) -> 7 | AN30: =COUNTIF(AB30:AJ30,4) -> 0 | AO30: 1 | AP30: 1 | AQ30: 1 | AR30: 1 | AS30: 1 | AT30: 1 | AU30: 0 | AV30: 1 | AX30: 3 | AY30: 3 | AZ30: 3 | BA30: 3 | BB30: 3 | BC30: 3 | BE30: 3 | BG30: =COUNTIF(AX30:BF30,1) -> 0 | BH30: =COUNTIF(AX30:BF30,2) -> 0 | BI30: =COUNTIF(AX30:BF30,3) -> 7 | BJ30: =COUNTIF(AX30:BF30,4) -> 0 | BK30: =IF(AND(OR(AB30=3,AB30=4),OR(AX30=3,AX30=4)),1,0) -> 1 | BL30: =IF(AND(OR(AC30=3,AC30=4),OR(AY30=3,AY30=4)),1,0) -> 1 | BM30: =IF(AND(OR(AD30=3,AD30=4),OR(AZ30=3,AZ30=4)),1,0) -> 1 | BN30: =IF(AND(OR(AE30=3,AE30=4),OR(BA30=3,BA30=4)),1,0) -> 1 | BO30: =IF(AND(OR(AF30=3,AF30=4),OR(BB30=3,BB30=4)),1,0) -> 1 | BP30: =IF(AND(OR(AG30=3,AG30=4),OR(BC30=3,BC30=4)),1,0) -> 1 | BQ30: =IF(AND(OR(AH30=3,AH30=4),OR(BD30=3,BD30=4)),1,0) -> 0 | BR30: =IF(AND(OR(AI30=3,AI30=4),OR(BE30=3,BE30=4)),1,0) -> 1 | BS30: =IF(AND(OR(AJ30=3,AJ30=4),OR(BF30=3,BF30=4)),1,0) -> 0 | BT30: =SUM(Raw!AW24:AW31) -> 2 | BU30: =SUM(Raw!BD24:BD31) -> 0 | BV30: =SUM(Raw!BJ24:BJ31) -> 0 | BW30: =SUM(Raw!BO24:BO31) -> 3 | BX30: =SUM(Raw!BS24:BS31) -> 3 | BY30: =SUM(Raw!BV24:BV31) -> 4 | CA30: =SUM(Raw!BY24:BY31) -> 2 | CC30: 2 | CD30: 2 | CE30: 2 | CF30: 2 | CG30: 2 | CH30: 2 | CI30: 1 | CJ30: 2 | CK30: 2 | CL30: 0 | CM30: 2 | CN30: 2 | CO30: 0 | CP30: 2 | CQ30: 2
A31: 4 | B31: 1 | C31: 8 | D31: 40876 | E31: 2 | F31: 1993 | G31: 1 | H31: 1 | I31: 0 | J31: 1 | K31: 0 | L31: 2 | M31: 3 | N31: 0 | O31: 4 | P31: 1 | Q31: 5 | R31: 2 | S31: 0 | T31: 2 | U31: 1 | V31: 2 | W31: 1 | X31: 1 | Y31: 1 | Z31: 6 | AA31: 1 | AB31: 3 | AC31: 3 | AD31: 3 | AE31: 3 | AF31: 2 | AG31: 3 | AH31: 3 | AK31: =COUNTIF(AB31:AJ31,1) -> 0 | AL31: =COUNTIF(AB31:AJ31,2) -> 1 | AM31: =COUNTIF(AB31:AJ31,3) -> 6 | AN31: =COUNTIF(AB31:AJ31,4) -> 0 | AO31: 1 | AP31: 1 | AQ31: 1 | AR31: 1 | AS31: 0 | AT31: 1 | AU31: 1 | AV31: 0 | AX31: 3 | AY31: 3 | AZ31: 3 | BA31: 3 | BB31: 2 | BC31: 3 | BD31: 3 | BG31: =COUNTIF(AX31:BF31,1) -> 0 | BH31: =COUNTIF(AX31:BF31,2) -> 1 | BI31: =COUNTIF(AX31:BF31,3) -> 6 | BJ31: =COUNTIF(AX31:BF31,4) -> 0 | BK31: =IF(AND(OR(AB31=3,AB31=4),OR(AX31=3,AX31=4)),1,0) -> 1 | BL31: =IF(AND(OR(AC31=3,AC31=4),OR(AY31=3,AY31=4)),1,0) -> 1 | BM31: =IF(AND(OR(AD31=3,AD31=4),OR(AZ31=3,AZ31=4)),1,0) -> 1 | BN31: =IF(AND(OR(AE31=3,AE31=4),OR(BA31=3,BA31=4)),1,0) -> 1 | BO31: =IF(AND(OR(AF31=3,AF31=4),OR(BB31=3,BB31=4)),1,0) -> 0 | BP31: =IF(AND(OR(AG31=3,AG31=4),OR(BC31=3,BC31=4)),1,0) -> 1 | BQ31: =IF(AND(OR(AH31=3,AH31=4),OR(BD31=3,BD31=4)),1,0) -> 1 | BR31: =IF(AND(OR(AI31=3,AI31=4),OR(BE31=3,BE31=4)),1,0) -> 0 | BS31: =IF(AND(OR(AJ31=3,AJ31=4),OR(BF31=3,BF31=4)),1,0) -> 0 | BT31: =SUM(Raw!AX24:AX31) -> 2 | BU31: =SUM(Raw!BE24:BE31) -> 3 | BV31: =SUM(Raw!BK24:BK31) -> 5 | BW31: =SUM(Raw!BP24:BP31) -> 4 | BX31: =SUM(Raw!BT24:BT31) -> 3 | BY31: =SUM(Raw!BW24:BW31) -> 5 | BZ31: =SUM(Raw!BY24:BY31) -> 2 | CC31: 1 | CD31: 2 | CE31: 1 | CF31: 2 | CG31: 1 | CH31: 2 | CI31: 0 | CJ31: 1 | CK31: 2 | CL31: 0 | CM31: 1 | CN31: 2 | CO31: 0 | CP31: 1 | CQ31: 2
A32: 5 | B32: 1 | C32: 1 | D32: 40876 | E32: 2 | F32: 1990 | G32: 4 | H32: 1 | I32: 0 | J32: 1 | K32: 2 | L32: 1 | M32: 3 | N32: 0 | O32: 0 | P32: 1 | Q32: 2 | R32: 2 | S32: 0 | T32: 1 | U32: 0 | V32: 1 | W32: 1 | X32: 2 | Y32: 2 | Z32: 2 | AA32: 2 | AC32: 3 | AD32: 4 | AE32: 2 | AF32: 4 | AG32: 2 | AH32: 1 | AK32: =COUNTIF(AB32:AJ32,1) -> 1 | AL32: =COUNTIF(AB32:AJ32,2) -> 2 | AM32: =COUNTIF(AB32:AJ32,3) -> 1 | AN32: =COUNTIF(AB32:AJ32,4) -> 2 | AO32: 0 | AP32: 1 | AQ32: 1 | AR32: 0 | AS32: 1 | AT32: 0 | AU32: 0 | AY32: 3 | AZ32: 4 | BA32: 2 | BB32: 4 | BC32: 2 | BD32: 3 | BG32: =COUNTIF(AX32:BF32,1) -> 0 | BH32: =COUNTIF(AX32:BF32,2) -> 2 | BI32: =COUNTIF(AX32:BF32,3) -> 2 | BJ32: =COUNTIF(AX32:BF32,4) -> 2 | BK32: =IF(AND(OR(AB32=3,AB32=4),OR(AX32=3,AX32=4)),1,0) -> 0 | BL32: =IF(AND(OR(AC32=3,AC32=4),OR(AY32=3,AY32=4)),1,0) -> 1 | BM32: =IF(AND(OR(AD32=3,AD32=4),OR(AZ32=3,AZ32=4)),1,0) -> 1 | BN32: =IF(AND(OR(AE32=3,AE32=4),OR(BA32=3,BA32=4)),1,0) -> 0 | BO32: =IF(AND(OR(AF32=3,AF32=4),OR(BB32=3,BB32=4)),1,0) -> 1 | BP32: =IF(AND(OR(AG32=3,AG32=4),OR(BC32=3,BC32=4)),1,0) -> 0 | BQ32: =IF(AND(OR(AH32=3,AH32=4),OR(BD32=3,BD32=4)),1,0) -> 0 | BR32: =IF(AND(OR(AI32=3,AI32=4),OR(BE32=3,BE32=4)),1,0) -> 0 | BS32: =IF(AND(OR(AJ32=3,AJ32=4),OR(BF32=3,BF32=4)),1,0) -> 0 | BU32: =SUM(Raw!AR32:AR38) -> 4 | BV32: =SUM(Raw!AS32:AS38) -> 4 | BW32: =SUM(Raw!AT32:AT38) -> 0 | BX32: =SUM(Raw!AU32:AU38) -> 4 | BY32: =SUM(Raw!AV32:AV38) -> 0 | BZ32: =SUM(Raw!AW32:AW38) -> 0 | CC32: 2 | CD32: 2 | CE32: 2 | CF32: 2 | CG32: 2 | CH32: 2 | CI32: 1 | CJ32: 2 | CK32: 2 | CL32: 1 | CM32: 2 | CN32: 2 | CO32: 0 | CP32: 2 | CQ32: 2
A33: 5 | B33: 1 | C33: 2 | D33: 40876 | E33: 2 | F33: 1989 | G33: 4 | H33: 1 | I33: 0 | J33: 0 | K33: 1 | L33: 2 | M33: 0 | N33: 0 | O33: 0 | P33: 1 | Q33: 1 | R33: 0 | S33: 0 | T33: 1 | U33: 0 | V33: 2 | W33: 1 | X33: 1 | Y33: 0 | Z33: 1 | AA33: 1 | AB33: 3 | AD33: 3 | AE33: 3 | AF33: 3 | AG33: 3 | AH33: 2 | AK33: =COUNTIF(AB33:AJ33,1) -> 0 | AL33: =COUNTIF(AB33:AJ33,2) -> 1 | AM33: =COUNTIF(AB33:AJ33,3) -> 5 | AN33: =COUNTIF(AB33:AJ33,4) -> 0 | AO33: 1 | AP33: 0 | AQ33: 1 | AR33: 1 | AS33: 1 | AT33: 1 | AU33: 0 | AX33: 3 | AZ33: 3 | BA33: 3 | BB33: 3 | BC33: 3 | BD33: 3 | BG33: =COUNTIF(AX33:BF33,1) -> 0 | BH33: =COUNTIF(AX33:BF33,2) -> 0 | BI33: =COUNTIF(AX33:BF33,3) -> 6 | BJ33: =COUNTIF(AX33:BF33,4) -> 0 | BK33: =IF(AND(OR(AB33=3,AB33=4),OR(AX33=3,AX33=4)),1,0) -> 1 | BL33: =IF(AND(OR(AC33=3,AC33=4),OR(AY33=3,AY33=4)),1,0) -> 0 | BM33: =IF(AND(OR(AD33=3,AD33=4),OR(AZ33=3,AZ33=4)),1,0) -> 1 | BN33: =IF(AND(OR(AE33=3,AE33=4),OR(BA33=3,BA33=4)),1,0) -> 1 | BO33: =IF(AND(OR(AF33=3,AF33=4),OR(BB33=3,BB33=4)),1,0) -> 1 | BP33: =IF(AND(OR(AG33=3,AG33=4),OR(BC33=3,BC33=4)),1,0) -> 1 | BQ33: =IF(AND(OR(AH33=3,AH33=4),OR(BD33=3,BD33=4)),1,0) -> 0 | BR33: =IF(AND(OR(AI33=3,AI33=4),OR(BE33=3,BE33=4)),1,0) -> 0 | BS33: =IF(AND(OR(AJ33=3,AJ33=4),OR(BF33=3,BF33=4)),1,0) -> 0 | BT33: =SUM(Raw!AR32:AR38) -> 4 | BV33: =SUM(Raw!AZ32:AZ38) -> 4 | BW33: =SUM(Raw!BA32:BA38) -> 0 | BX33: =SUM(Raw!BB32:BB38) -> 1 | BY33: =SUM(Raw!BC32:BC38) -> 0 | BZ33: =SUM(Raw!BD32:BD38) -> 0 | CC33: 2 | CD33: 2 | CE33: 1 | CF33: 2 | CG33: 2 | CH33: 1 | CI33: 1 | CJ33: 1 | CK33: 1 | CL33: 1 | CM33: 2 | CN33: 2 | CO33: 0 | CP33: 1 | CQ33: 2
A34: 5 | B34: 1 | C34: 3 | D34: 40876 | E34: 2 | F34: 1987 | G34: 4 | H34: 1 | I34: 0 | J34: 0 | K34: 1 | L34: 1 | M34: 1 | N34: 2 | O34: 1 | P34: 0 | Q34: 2 | R34: 0 | S34: 0 | T34: 1 | U34: 0 | V34: 2 | W34: 2 | X34: 1 | Y34: 1 | Z34: 1 | AA34: 2 | AB34: 3 | AC34: 4 | AE34: 2 | AF34: 3 | AG34: 2 | AH34: 2 | AK34: =COUNTIF(AB34:AJ34,1) -> 0 | AL34: =COUNTIF(AB34:AJ34,2) -> 3 | AM34: =COUNTIF(AB34:AJ34,3) -> 2 | AN34: =COUNTIF(AB34:AJ34,4) -> 1 | AO34: 1 | AP34: 1 | AQ34: 0 | AR34: 0 | AS34: 1 | AT34: 0 | AU34: 0 | AX34: 3 | AY34: 4 | BA34: 2 | BB34: 3 | BC34: 2 | BD34: 2 | BG34: =COUNTIF(AX34:BF34,1) -> 0 | BH34: =COUNTIF(AX34:BF34,2) -> 3 | BI34: =COUNTIF(AX34:BF34,3) -> 2 | BJ34: =COUNTIF(AX34:BF34,4) -> 1 | BK34: =IF(AND(OR(AB34=3,AB34=4),OR(AX34=3,AX34=4)),1,0) -> 1 | BL34: =IF(AND(OR(AC34=3,AC34=4),OR(AY34=3,AY34=4)),1,0) -> 1 | BM34: =IF(AND(OR(AD34=3,AD34=4),OR(AZ34=3,AZ34=4)),1,0) -> 0 | BN34: =IF(AND(OR(AE34=3,AE34=4),OR(BA34=3,BA34=4)),1,0) -> 0 | BO34: =IF(AND(OR(AF34=3,AF34=4),OR(BB34=3,BB34=4)),1,0) -> 1 | BP34: =IF(AND(OR(AG34=3,AG34=4),OR(BC34=3,BC34=4)),1,0) -> 0 | BQ34: =IF(AND(OR(AH34=3,AH34=4),OR(BD34=3,BD34=4)),1,0) -> 0 | BR34: =IF(AND(OR(AI34=3,AI34=4),OR(BE34=3,BE34=4)),1,0) -> 0 | BS34: =IF(AND(OR(AJ34=3,AJ34=4),OR(BF34=3,BF34=4)),1,0) -> 0 | BT34: =SUM(Raw!AS32:AS38) -> 4 | BU34: =SUM(Raw!AZ32:AZ38) -> 4 | BW34: =SUM(Raw!BG32:BG39) -> 0 | BX34: =SUM(Raw!BH32:BH39) -> 3 | BY34: =SUM(Raw!BI32:BI39) -> 0 | BZ34: =SUM(Raw!BJ32:BJ39) -> 0 | CC34: 2 | CD34: 2 | CE34: 1 | CF34: 2 | CG34: 1 | CH34: 2 | CI34: 0 | CJ34: 2 | CK34: 2 | CL34: 0 | CM34: 1 | CN34: 2 | CO34: 0 | CP34: 1 | CQ34: 2
A35: 5 | B35: 1 | C35: 4 | D35: 40876 | E35: 2 | F35: 1993 | G35: 3 | H35: 1 | I35: 0 | J35: 2 | K35: 1 | L35: 1 | M35: 2 | N35: 1 | O35: 4 | P35: 0 | Q35: 2 | R35: 2 | S35: 0 | T35: 3 | U35: 0 | V35: 0 | W35: 0 | X35: 0 | Y35: 0 | Z35: 0 | AA35: 1 | AB35: 3 | AC35: 3 | AD35: 3 | AF35: 2 | AG35: 2 | AH35: 3 | AK35: =COUNTIF(AB35:AJ35,1) -> 0 | AL35: =COUNTIF(AB35:AJ35,2) -> 2 | AM35: =COUNTIF(AB35:AJ35,3) -> 4 | AN35: =COUNTIF(AB35:AJ35,4) -> 0 | AO35: 0 | AP35: 1 | AQ35: 0 | AR35: 0 | AS35: 0 | AT35: 0 | AU35: 1 | AX35: 3 | AY35: 3 | AZ35: 3 | BB35: 3 | BC35: 2 | BD35: 3 | BG35: =COUNTIF(AX35:BF35,1) -> 0 | BH35: =COUNTIF(AX35:BF35,2) -> 1 | BI35: =COUNTIF(AX35:BF35,3) -> 5 | BJ35: =COUNTIF(AX35:BF35,4) -> 0 | BK35: =IF(AND(OR(AB35=3,AB35=4),OR(AX35=3,AX35=4)),1,0) -> 1 | BL35: =IF(AND(OR(AC35=3,AC35=4),OR(AY35=3,AY35=4)),1,0) -> 1 | BM35: =IF(AND(OR(AD35=3,AD35=4),OR(AZ35=3,AZ35=4)),1,0) -> 1 | BN35: =IF(AND(OR(AE35=3,AE35=4),OR(BA35=3,BA35=4)),1,0) -> 0 | BO35: =IF(AND(OR(AF35=3,AF35=4),OR(BB35=3,BB35=4)),1,0) -> 0 | BP35: =IF(AND(OR(AG35=3,AG35=4),OR(BC35=3,BC35=4)),1,0) -> 0 | BQ35: =IF(AND(OR(AH35=3,AH35=4),OR(BD35=3,BD35=4)),1,0) -> 1 | BR35: =IF(AND(OR(AI35=3,AI35=4),OR(BE35=3,BE35=4)),1,0) -> 0 | BS35: =IF(AND(OR(AJ35=3,AJ35=4),OR(BF35=3,BF35=4)),1,0) -> 0 | BT35: =SUM(Raw!AT32:AT38) -> 0 | BU35: =SUM(Raw!BA32:BA38) -> 0 | BV35: =SUM(Raw!BG32:BG38) -> 0 | BX35: =SUM(Raw!BM32:BM38) -> 0 | BY35: =SUM(Raw!BN32:BN38) -> 0 | BZ35: =SUM(Raw!BO32:BO38) -> 0 | CC35: 2 | CD35: 2 | CE35: 2 | CF35: 2 | CG35: 2 | CH35: 2 | CI35: 1 | CJ35: 2 | CK35: 2 | CL35: 1 | CM35: 2 | CN35: 2 | CO35: 1 | CP35: 2 | CQ35: 2
A36: 5 | B36: 1 | C36: 5 | D36: 40876 | E36: 2 | F36: 1992 | G36: 6 | H36: 1 | I36: 0 | J36: 1 | K36: 2 | L36: 2 | M36: 5 | N36: 5 | O36: 6 | P36: 0 | Q36: 2 | R36: 0 | S36: 0 | T36: 2 | U36: 1 | V36: 2 | W36: 1 | X36: 2 | Y36: 1 | Z36: 2 | AA36: 2 | AB36: 3 | AC36: 3 | AD36: 3 | AE36: 2 | AG36: 2 | AH36: 2 | AK36: =COUNTIF(AB36:AJ36,1) -> 0 | AL36: =COUNTIF(AB36:AJ36,2) -> 3 | AM36: =COUNTIF(AB36:AJ36,3) -> 3 | AN36: =COUNTIF(AB36:AJ36,4) -> 0 | AO36: 1 | AP36: 1 | AQ36: 1 | AR36: 0 | AS36: 0 | AT36: 0 | AU36: 0 | AX36: 3 | AY36: 3 | AZ36: 3 | BA36: 2 | BC36: 2 | BD36: 2 | BG36: =COUNTIF(AX36:BF36,1) -> 0 | BH36: =COUNTIF(AX36:BF36,2) -> 3 | BI36: =COUNTIF(AX36:BF36,3) -> 3 | BJ36: =COUNTIF(AX36:BF36,4) -> 0 | BK36: =IF(AND(OR(AB36=3,AB36=4),OR(AX36=3,AX36=4)),1,0) -> 1 | BL36: =IF(AND(OR(AC36=3,AC36=4),OR(AY36=3,AY36=4)),1,0) -> 1 | BM36: =IF(AND(OR(AD36=3,AD36=4),OR(AZ36=3,AZ36=4)),1,0) -> 1 | BN36: =IF(AND(OR(AE36=3,AE36=4),OR(BA36=3,BA36=4)),1,0) -> 0 | BO36: =IF(AND(OR(AF36=3,AF36=4),OR(BB36=3,BB36=4)),1,0) -> 0 | BP36: =IF(AND(OR(AG36=3,AG36=4),OR(BC36=3,BC36=4)),1,0) -> 0 | BQ36: =IF(AND(OR(AH36=3,AH36=4),OR(BD36=3,BD36=4)),1,0) -> 0 | BR36: =IF(AND(OR(AI36=3,AI36=4),OR(BE36=3,BE36=4)),1,0) -> 0 | BS36: =IF(AND(OR(AJ36=3,AJ36=4),OR(BF36=3,BF36=4)),1,0) -> 0 | BT36: =SUM(Raw!AU32:AU38) -> 4 | BU36: =SUM(Raw!BB32:BB38) -> 1 | BV36: =SUM(Raw!BH32:BH38) -> 3 | BW36: =SUM(Raw!BM32:BM38) -> 0 | BY36: =SUM(Raw!BR32:BR38) -> 0 | BZ36: =SUM(Raw!BS32:BS38) -> 0 | CC36: 1 | CD36: 1 | CE36: 1 | CF36: 1 | CG36: 1 | CH36: 1 | CI36: 1 | CJ36: 2 | CK36: 2 | CL36: 1 | CM36: 1 | CN36: 1 | CO36: 0 | CP36: 2 | CQ36: 1
A37: 5 | B37: 1 | C37: 6 | D37: 40883 | E37: 2 | F37: 1985 | G37: 4 | H37: 2 | I37: 1 | J37: 2 | K37: 2 | L37: 2 | M37: 0 | N37: 0 | O37: 5 | P37: 1 | Q37: 6 | R37: 0 | S37: 0 | T37: 3 | U37: 2 | V37: 2 | W37: 1 | X37: 6 | Y37: 1 | Z37: 0 | AA37: 2 | AB37: 2 | AC37: 3 | AD37: 3 | AE37: 2 | AF37: 2 | AH37: 1 | AK37: =COUNTIF(AB37:AJ37,1) -> 1 | AL37: =COUNTIF(AB37:AJ37,2) -> 3 | AM37: =COUNTIF(AB37:AJ37,3) -> 2 | AN37: =COUNTIF(AB37:AJ37,4) -> 0 | AO37: 0 | AP37: 1 | AQ37: 0 | AR37: 0 | AS37: 0 | AT37: 0 | AU37: 0 | AX37: 2 | AY37: 2 | AZ37: 3 | BA37: 2 | BB37: 2 | BC37: 4 | BD37: 1 | BG37: =COUNTIF(AX37:BF37,1) -> 1 | BH37: =COUNTIF(AX37:BF37,2) -> 4 | BI37: =COUNTIF(AX37:BF37,3) -> 1 | BJ37: =COUNTIF(AX37:BF37,4) -> 1 | BK37: =IF(AND(OR(AB37=3,AB37=4),OR(AX37=3,AX37=4)),1,0) -> 0 | BL37: =IF(AND(OR(AC37=3,AC37=4),OR(AY37=3,AY37=4)),1,0) -> 0 | BM37: =IF(AND(OR(AD37=3,AD37=4),OR(AZ37=3,AZ37=4)),1,0) -> 1 | BN37: =IF(AND(OR(AE37=3,AE37=4),OR(BA37=3,BA37=4)),1,0) -> 0 | BO37: =IF(AND(OR(AF37=3,AF37=4),OR(BB37=3,BB37=4)),1,0) -> 0 | BP37: =IF(AND(OR(AG37=3,AG37=4),OR(BC37=3,BC37=4)),1,0) -> 0 | BQ37: =IF(AND(OR(AH37=3,AH37=4),OR(BD37=3,BD37=4)),1,0) -> 0 | BR37: =IF(AND(OR(AI37=3,AI37=4),OR(BE37=3,BE37=4)),1,0) -> 0 | BS37: =IF(AND(OR(AJ37=3,AJ37=4),OR(BF37=3,BF37=4)),1,0) -> 0 | BT37: =SUM(Raw!AV32:AV38) -> 0 | BU37: =SUM(Raw!BC32:BC38) -> 0 | BV37: =SUM(Raw!BI32:BI38) -> 0 | BW37: =SUM(Raw!BN32:BN38) -> 0 | BX37: =SUM(Raw!BR32:BR38) -> 0 | BZ37: =SUM(Raw!BV32:BV38) -> 0 | CC37: 1 | CD37: 1 | CE37: 1 | CF37: 1 | CG37: 1 | CH37: 1 | CI37: 1 | CJ37: 1 | CK37: 1 | CL37: 1 | CM37: 1 | CN37: 2 | CO37: 1 | CP37: 1 | CQ37: 1
A38: 5 | B38: 1 | C38: 7 | D38: 40876 | E38: 2 | F38: 1988 | G38: 4 | H38: 2 | I38: 1 | J38: 0 | K38: 2 | L38: 0 | M38: 2 | N38: 3 | O38: 5 | P38: 1 | Q38: 4 | R38: 0 | S38: 1 | T38: 0 | U38: 2 | V38: 2 | W38: 1 | X38: 0 | Y38: 0 | Z38: 0 | AA38: 1 | AB38: 2 | AC38: 3 | AD38: 3 | AE38: 3 | AF38: 3 | AG38: 3 | AK38: =COUNTIF(AB38:AJ38,1) -> 0 | AL38: =COUNTIF(AB38:AJ38,2) -> 1 | AM38: =COUNTIF(AB38:AJ38,3) -> 5 | AN38: =COUNTIF(AB38:AJ38,4) -> 0 | AO38: 0 | AP38: 0 | AQ38: 0 | AR38: 1 | AS38: 0 | AT38: 0 | AU38: 0 | AX38: 2 | AY38: 2 | AZ38: 2 | BA38: 3 | BB38: 2 | BC38: 3 | BG38: =COUNTIF(AX38:BF38,1) -> 0 | BH38: =COUNTIF(AX38:BF38,2) -> 4 | BI38: =COUNTIF(AX38:BF38,3) -> 2 | BJ38: =COUNTIF(AX38:BF38,4) -> 0 | BK38: =IF(AND(OR(AB38=3,AB38=4),OR(AX38=3,AX38=4)),1,0) -> 0 | BL38: =IF(AND(OR(AC38=3,AC38=4),OR(AY38=3,AY38=4)),1,0) -> 0 | BM38: =IF(AND(OR(AD38=3,AD38=4),OR(AZ38=3,AZ38=4)),1,0) -> 0 | BN38: =IF(AND(OR(AE38=3,AE38=4),OR(BA38=3,BA38=4)),1,0) -> 1 | BO38: =IF(AND(OR(AF38=3,AF38=4),OR(BB38=3,BB38=4)),1,0) -> 0 | BP38: =IF(AND(OR(AG38=3,AG38=4),OR(BC38=3,BC38=4)),1,0) -> 1 | BQ38: =IF(AND(OR(AH38=3,AH38=4),OR(BD38=3,BD38=4)),1,0) -> 0 | BR38: =IF(AND(OR(AI38=3,AI38=4),OR(BE38=3,BE38=4)),1,0) -> 0 | BS38: =IF(AND(OR(AJ38=3,AJ38=4),OR(BF38=3,BF38=4)),1,0) -> 0 | BT38: =SUM(Raw!AW32:AW38) -> 0 | BU38: =SUM(Raw!BD32:BD38) -> 0 | BV38: =SUM(Raw!BJ32:BJ38) -> 0 | BW38: =SUM(Raw!BO32:BO38) -> 0 | BX38: =SUM(Raw!BS32:BS38) -> 0 | BY38: =SUM(Raw!BV32:BV38) -> 0 | CC38: 2 | CD38: 2 | CE38: 2 | CF38: 2 | CG38: 1 | CH38: 2 | CI38: 1 | CJ38: 2 | CK38: 2 | CL38: 1 | CM38: 1 | CN38: 2 | CO38: 1 | CP38: 1 | CQ38: 2
A39: 1 | B39: 2 | C39: 1 | D39: 40876 | E39: 1 | F39: 1989 | G39: 3 | H39: 1 | I39: 0 | J39: 0 | K39: 2 | L39: 2 | M39: 3 | N39: 0 | O39: 4 | P39: 0 | Q39: 13 | R39: 4 | S39: 0 | T39: 2 | U39: 1 | V39: 0 | W39: 1 | X39: 5 | Y39: 5 | Z39: 5 | AA39: 0 | AC39: 4 | AE39: 4 | AF39: 3 | AG39: 4 | AH39: 3 | AI39: 3 | AJ39: 4 | AK39: =COUNTIF(AB39:AJ39,1) -> 0 | AL39: =COUNTIF(AB39:AJ39,2) -> 0 | AM39: =COUNTIF(AB39:AJ39,3) -> 3 | AN39: =COUNTIF(AB39:AJ39,4) -> 4 | AO39: 0 | AP39: 1 | AR39: 1 | AS39: 1 | AT39: 1 | AU39: 1 | AV39: 1 | AY39: 4 | BA39: 4 | BB39: 3 | BC39: 4 | BD39: 3 | BE39: 3 | BF39: 4 | BG39: =COUNTIF(AX39:BF39,1) -> 0 | BH39: =COUNTIF(AX39:BF39,2) -> 0 | BI39: =COUNTIF(AX39:BF39,3) -> 3 | BJ39: =COUNTIF(AX39:BF39,4) -> 4 | BK39: =IF(AND(OR(AB39=3,AB39=4),OR(AX39=3,AX39=4)),1,0) -> 0 | BL39: =IF(AND(OR(AC39=3,AC39=4),OR(AY39=3,AY39=4)),1,0) -> 1 | BM39: =IF(AND(OR(AD39=3,AD39=4),OR(AZ39=3,AZ39=4)),1,0) -> 0 | BN39: =IF(AND(OR(AE39=3,AE39=4),OR(BA39=3,BA39=4)),1,0) -> 1 | BO39: =IF(AND(OR(AF39=3,AF39=4),OR(BB39=3,BB39=4)),1,0) -> 1 | BP39: =IF(AND(OR(AG39=3,AG39=4),OR(BC39=3,BC39=4)),1,0) -> 1 | BQ39: =IF(AND(OR(AH39=3,AH39=4),OR(BD39=3,BD39=4)),1,0) -> 1 | BR39: =IF(AND(OR(AI39=3,AI39=4),OR(BE39=3,BE39=4)),1,0) -> 1 | BS39: =IF(AND(OR(AJ39=3,AJ39=4),OR(BF39=3,BF39=4)),1,0) -> 1 | BU39: =SUM(Raw!AR39:AR45) -> 4 | BW39: =SUM(Raw!AT39:AT45) -> 3 | BX39: =SUM(Raw!AU39:AU45) -> 0 | BY39: =SUM(Raw!AV39:AV45) -> 2 | BZ39: =SUM(Raw!AW39:AW45) -> 1 | CA39: =SUM(Raw!AX39:AX45) -> 1 | CB39: =SUM(Raw!AY39:AY45) -> 2 | CC39: 2 | CD39: 2 | CE39: 2 | CF39: 2 | CG39: 2 | CH39: 2 | CI39: 1 | CJ39: 2 | CK39: 2 | CL39: 1 | CM39: 2 | CN39: 2 | CO39: 1 | CP39: 2 | CQ39: 2
A40: 1 | B40: 2 | C40: 2 | D40: 40876 | E40: 1 | F40: 1989 | G40: 3 | H40: 1 | I40: 1 | J40: 0 | K40: 0 | L40: 0 | M40: 3 | N40: 0 | O40: 4 | P40: 1 | Q40: 12 | S40: 0 | T40: 1 | U40: 0 | V40: 0 | W40: 0 | X40: 5 | Y40: 5 | Z40: 2 | AA40: 0 | AB40: 4 | AE40: 4 | AF40: 3 | AG40: 4 | AH40: 3 | AI40: 3 | AJ40: 4 | AK40: =COUNTIF(AB40:AJ40,1) -> 0 | AL40: =COUNTIF(AB40:AJ40,2) -> 0 | AM40: =COUNTIF(AB40:AJ40,3) -> 3 | AN40: =COUNTIF(AB40:AJ40,4) -> 4 | AO40: 1 | AP40: 0 | AR40: 1 | AS40: 1 | AT40: 1 | AU40: 1 | AV40: 1 | AX40: 4 | BA40: 4 | BB40: 3 | BC40: 4 | BD40: 3 | BE40: 3 | BF40: 4 | BG40: =COUNTIF(AX40:BF40,1) -> 0 | BH40: =COUNTIF(AX40:BF40,2) -> 0 | BI40: =COUNTIF(AX40:BF40,3) -> 3 | BJ40: =COUNTIF(AX40:BF40,4) -> 4 | BK40: =IF(AND(OR(AB40=3,AB40=4),OR(AX40=3,AX40=4)),1,0) -> 1 | BL40: =IF(AND(OR(AC40=3,AC40=4),OR(AY40=3,AY40=4)),1,0) -> 0 | BM40: =IF(AND(OR(AD40=3,AD40=4),OR(AZ40=3,AZ40=4)),1,0) -> 0 | BN40: =IF(AND(OR(AE40=3,AE40=4),OR(BA40=3,BA40=4)),1,0) -> 1 | BO40: =IF(AND(OR(AF40=3,AF40=4),OR(BB40=3,BB40=4)),1,0) -> 1 | BP40: =IF(AND(OR(AG40=3,AG40=4),OR(BC40=3,BC40=4)),1,0) -> 1 | BQ40: =IF(AND(OR(AH40=3,AH40=4),OR(BD40=3,BD40=4)),1,0) -> 1 | BR40: =IF(AND(OR(AI40=3,AI40=4),OR(BE40=3,BE40=4)),1,0) -> 1 | BS40: =IF(AND(OR(AJ40=3,AJ40=4),OR(BF40=3,BF40=4)),1,0) -> 1 | BT40: =SUM(Raw!AR39:AR45) -> 4 | BW40: =SUM(Raw!BA39:BA45) -> 3 | BX40: =SUM(Raw!BB39:BB45) -> 1 | BY40: =SUM(Raw!BC39:BC45) -> 2 | BZ40: =SUM(Raw!BD39:BD45) -> 1 | CA40: =SUM(Raw!BE39:BE45) -> 1 | CB40: =SUM(Raw!BF39:BF45) -> 2 | CC40: 2 | CD40: 2 | CE40: 2 | CF40: 2 | CG40: 2 | CH40: 2 | CI40: 1 | CJ40: 2 | CK40: 2 | CL40: 1 | CM40: 2 | CN40: 2 | CO40: 0 | CP40: 2 | CQ40: 2
A41: 1 | B41: 2 | C41: 4 | D41: 40876 | E41: 1 | F41: 1988 | G41: 3 | H41: 1 | I41: 0 | J41: 1 | K41: 2 | L41: 1 | M41: 3 | N41: 0 | O41: 1 | P41: 1 | Q41: 10 | R41: 4 | S41: 0 | T41: 4 | U41: 1 | V41: 0 | W41: 1 | X41: 5 | Y41: 5 | Z41: 3 | AA41: 2 | AB41: 4 | AC41: 4 | AF41: 4 | AG41: 3 | AH41: 2 | AI41: 3 | AJ41: 3 | AK41: =COUNTIF(AB41:AJ41,1) -> 0 | AL41: =COUNTIF(AB41:AJ41,2) -> 1 | AM41: =COUNTIF(AB41:AJ41,3) -> 3 | AN41: =COUNTIF(AB41:AJ41,4) -> 3 | AO41: 1 | AP41: 1 | AR41: 0 | AS41: 1 | AT41: 1 | AU41: 0 | AV41: 1 | AX41: 4 | AY41: 4 | BB41: 4 | BC41: 3 | BD41: 3 | BE41: 3 | BF41: 3 | BG41: =COUNTIF(AX41:BF41,1) -> 0 | BH41: =COUNTIF(AX41:BF41,2) -> 0 | BI41: =COUNTIF(AX41:BF41,3) -> 4 | BJ41: =COUNTIF(AX41:BF41,4) -> 3 | BK41: =IF(AND(OR(AB41=3,AB41=4),OR(AX41=3,AX41=4)),1,0) -> 1 | BL41: =IF(AND(OR(AC41=3,AC41=4),OR(AY41=3,AY41=4)),1,0) -> 1 | BM41: =IF(AND(OR(AD41=3,AD41=4),OR(AZ41=3,AZ41=4)),1,0) -> 0 | BN41: =IF(AND(OR(AE41=3,AE41=4),OR(BA41=3,BA41=4)),1,0) -> 0 | BO41: =IF(AND(OR(AF41=3,AF41=4),OR(BB41=3,BB41=4)),1,0) -> 1 | BP41: =IF(AND(OR(AG41=3,AG41=4),OR(BC41=3,BC41=4)),1,0) -> 1 | BQ41: =IF(AND(OR(AH41=3,AH41=4),OR(BD41=3,BD41=4)),1,0) -> 0 | BR41: =IF(AND(OR(AI41=3,AI41=4),OR(BE41=3,BE41=4)),1,0) -> 1 | BS41: =IF(AND(OR(AJ41=3,AJ41=4),OR(BF41=3,BF41=4)),1,0) -> 1 | BT41: =SUM(Raw!AT39:AT45) -> 3 | BU41: =SUM(Raw!BA39:BA45) -> 3 | BX41: =SUM(Raw!BM39:BM45) -> 1 | BY41: =SUM(Raw!BN39:BN45) -> 2 | BZ41: =SUM(Raw!BO39:BO45) -> 1 | CA41: =SUM(Raw!BP39:BP45) -> 2 | CB41: =SUM(Raw!BQ39:BQ45) -> 2 | CC41: 2 | CD41: 2 | CE41: 2 | CF41: 1 | CG41: 2 | CH41: 1 | CI41: 1 | CJ41: 2 | CK41: 2 | CL41: 1 | CM41: 2 | CN41: 1 | CO41: 0 | CP41: 1 | CQ41: 2
A42: 1 | B42: 2 | C42: 5 | D42: 40883 | E42: 1 | F42: 1990 | G42: 3 | H42: 2 | I42: 1 | J42: 1 | K42: 2 | L42: 2 | M42: 0 | N42: 0 | O42: 5 | P42: 1 | Q42: 6 | R42: 6 | S42: 1 | T42: 1 | U42: 2 | V42: 0 | W42: 1 | X42: 1 | Y42: 1 | Z42: 2 | AA42: 0 | AB42: 3 | AC42: 3 | AE42: 4 | AG42: 1 | AH42: 2 | AI42: 3 | AJ42: 1 | AK42: =COUNTIF(AB42:AJ42,1) -> 2 | AL42: =COUNTIF(AB42:AJ42,2) -> 1 | AM42: =COUNTIF(AB42:AJ42,3) -> 3 | AN42: =COUNTIF(AB42:AJ42,4) -> 1 | AO42: 1 | AP42: 1 | AR42: 1 | AS42: 0 | AT42: 0 | AU42: 0 | AV42: 0 | AX42: 3 | AY42: 2 | BA42: 3 | BC42: 1 | BD42: 2 | BE42: 2 | BF42: 1 | BG42: =COUNTIF(AX42:BF42,1) -> 2 | BH42: =COUNTIF(AX42:BF42,2) -> 3 | BI42: =COUNTIF(AX42:BF42,3) -> 2 | BJ42: =COUNTIF(AX42:BF42,4) -> 0 | BK42: =IF(AND(OR(AB42=3,AB42=4),OR(AX42=3,AX42=4)),1,0) -> 1 | BL42: =IF(AND(OR(AC42=3,AC42=4),OR(AY42=3,AY42=4)),1,0) -> 0 | BM42: =IF(AND(OR(AD42=3,AD42=4),OR(AZ42=3,AZ42=4)),1,0) -> 0 | BN42: =IF(AND(OR(AE42=3,AE42=4),OR(BA42=3,BA42=4)),1,0) -> 1 | BO42: =IF(AND(OR(AF42=3,AF42=4),OR(BB42=3,BB42=4)),1,0) -> 0 | BP42: =IF(AND(OR(AG42=3,AG42=4),OR(BC42=3,BC42=4)),1,0) -> 0 | BQ42: =IF(AND(OR(AH42=3,AH42=4),OR(BD42=3,BD42=4)),1,0) -> 0 | BR42: =IF(AND(OR(AI42=3,AI42=4),OR(BE42=3,BE42=4)),1,0) -> 0 | BS42: =IF(AND(OR(AJ42=3,AJ42=4),OR(BF42=3,BF42=4)),1,0) -> 0 | BT42: =SUM(Raw!AU39:AU45) -> 0 | BU42: =SUM(Raw!BB39:BB45) -> 1 | BW42: =SUM(Raw!BM39:BM45) -> 1 | BY42: =SUM(Raw!BR39:BR45) -> 0 | BZ42: =SUM(Raw!BS39:BS45) -> 1 | CA42: =SUM(Raw!BT39:BT45) -> 2 | CB42: =SUM(Raw!BU39:BU45) -> 0 | CC42: 2 | CD42: 2 | CE42: 2 | CF42: 2 | CG42: 2 | CH42: 2 | CI42: 1 | CJ42: 2 | CK42: 2 | CL42: 1 | CM42: 2 | CN42: 2 | CO42: 1 | CP42: 2 | CQ42: 2
A43: 1 | B43: 2 | C43: 6 | D43: 40892 | E43: 1 | F43: 1993 | G43: 6 | H43: 1 | I43: 0 | J43: 1 | K43: 2 | L43: 2 | M43: 3 | N43: 0 | O43: 0 | P43: 1 | Q43: 7 | R43: 8 | S43: 0 | T43: 1 | U43: 1 | V43: 0 | W43: 1 | X43: 2 | Y43: 2 | Z43: 1 | AA43: 0 | AB43: 4 | AC43: 4 | AE43: 4 | AF43: 2 | AH43: 3 | AI43: 4 | AJ43: 4 | AK43: =COUNTIF(AB43:AJ43,1) -> 0 | AL43: =COUNTIF(AB43:AJ43,2) -> 1 | AM43: =COUNTIF(AB43:AJ43,3) -> 1 | AN43: =COUNTIF(AB43:AJ43,4) -> 5 | AO43: 1 | AP43: 1 | AR43: 1 | AS43: 0 | AT43: 0 | AU43: 1 | AV43: 1 | AX43: 4 | AY43: 4 | BA43: 3 | BB43: 2 | BD43: 3 | BE43: 4 | BF43: 4 | BG43: =COUNTIF(AX43:BF43,1) -> 0 | BH43: =COUNTIF(AX43:BF43,2) -> 1 | BI43: =COUNTIF(AX43:BF43,3) -> 2 | BJ43: =COUNTIF(AX43:BF43,4) -> 4 | BK43: =IF(AND(OR(AB43=3,AB43=4),OR(AX43=3,AX43=4)),1,0) -> 1 | BL43: =IF(AND(OR(AC43=3,AC43=4),OR(AY43=3,AY43=4)),1,0) -> 1 | BM43: =IF(AND(OR(AD43=3,AD43=4),OR(AZ43=3,AZ43=4)),1,0) -> 0 | BN43: =IF(AND(OR(AE43=3,AE43=4),OR(BA43=3,BA43=4)),1,0) -> 1 | BO43: =IF(AND(OR(AF43=3,AF43=4),OR(BB43=3,BB43=4)),1,0) -> 0 | BP43: =IF(AND(OR(AG43=3,AG43=4),OR(BC43=3,BC43=4)),1,0) -> 0 | BQ43: =IF(AND(OR(AH43=3,AH43=4),OR(BD43=3,BD43=4)),1,0) -> 1 | BR43: =IF(AND(OR(AI43=3,AI43=4),OR(BE43=3,BE43=4)),1,0) -> 1 | BS43: =IF(AND(OR(AJ43=3,AJ43=4),OR(BF43=3,BF43=4)),1,0) -> 1 | BT43: =SUM(Raw!AV39:AV45) -> 2 | BU43: =SUM(Raw!BC39:BC45) -> 2 | BW43: =SUM(Raw!BN39:BN45) -> 2 | BX43: =SUM(Raw!BR39:BR45) -> 0 | BZ43: =SUM(Raw!BV39:BV45) -> 0 | CA43: =SUM(Raw!BW39:BW45) -> 0 | CB43: =SUM(Raw!BX39:BX45) -> 6 | CC43: 2 | CD43: 2 | CE43: 1 | CF43: 1 | CG43: 2 | CH43: 2 | CI43: 1 | CJ43: 1 | CK43: 2 | CL43: 0 | CM43: 1 | CN43: 1 | CO43: 0 | CP43: 1 | CQ43: 2
A44: 1 | B44: 2 | C44: 7 | D44: 40876 | E44: 1 | F44: 1992 | G44: 6 | H44: 2 | I44: 0 | J44: 0 | K44: 1 | L44: 2 | M44: 0 | N44: 2 | O44: 6 | P44: 1 | Q44: 4 | R44: 0 | S44: 0 | T44: 1 | U44: 2 | V44: 2 | W44: 0 | X44: 0 | Y44: 0 | Z44: 0 | AA44: 0 | AB44: 3 | AC44: 3 | AE44: 3 | AF44: 3 | AG44: 3 | AI44: 3 | AJ44: 2 | AK44: =COUNTIF(AB44:AJ44,1) -> 0 | AL44: =COUNTIF(AB44:AJ44,2) -> 1 | AM44: =COUNTIF(AB44:AJ44,3) -> 6 | AN44: =COUNTIF(AB44:AJ44,4) -> 0 | AO44: 1 | AP44: 1 | AR44: 0 | AS44: 0 | AT44: 1 | AU44: 0 | AV44: 0 | AX44: 3 | AY44: 2 | BA44: 3 | BB44: 3 | BC44: 2 | BE44: 2 | BF44: 2 | BG44: =COUNTIF(AX44:BF44,1) -> 0 | BH44: =COUNTIF(AX44:BF44,2) -> 4 | BI44: =COUNTIF(AX44:BF44,3) -> 3 | BJ44: =COUNTIF(AX44:BF44,4) -> 0 | BK44: =IF(AND(OR(AB44=3,AB44=4),OR(AX44=3,AX44=4)),1,0) -> 1 | BL44: =IF(AND(OR(AC44=3,AC44=4),OR(AY44=3,AY44=4)),1,0) -> 0 | BM44: =IF(AND(OR(AD44=3,AD44=4),OR(AZ44=3,AZ44=4)),1,0) -> 0 | BN44: =IF(AND(OR(AE44=3,AE44=4),OR(BA44=3,BA44=4)),1,0) -> 1 | BO44: =IF(AND(OR(AF44=3,AF44=4),OR(BB44=3,BB44=4)),1,0) -> 1 | BP44: =IF(AND(OR(AG44=3,AG44=4),OR(BC44=3,BC44=4)),1,0) -> 0 | BQ44: =IF(AND(OR(AH44=3,AH44=4),OR(BD44=3,BD44=4)),1,0) -> 0 | BR44: =IF(AND(OR(AI44=3,AI44=4),OR(BE44=3,BE44=4)),1,0) -> 0 | BS44: =IF(AND(OR(AJ44=3,AJ44=4),OR(BF44=3,BF44=4)),1,0) -> 0 | BT44: =SUM(Raw!AW39:AW45) -> 1 | BU44: =SUM(Raw!BD39:BD45) -> 1 | BW44: =SUM(Raw!BO39:BO45) -> 1 | BX44: =SUM(Raw!BS39:BS45) -> 1 | BY44: =SUM(Raw!BV39:BV45) -> 0 | CA44: =SUM(Raw!BW39:BW45) -> 0 | CB44: =SUM(Raw!BX39:BX45) -> 6 | CC44: 2 | CD44: 2 | CE44: 1 | CF44: 1 | CG44: 2 | CH44: 2 | CI44: 1 | CJ44: 2 | CK44: 1 | CL44: 1 | CM44: 1 | CN44: 2 | CO44: 1 | CP44: 2 | CQ44: 1
A45: 1 | B45: 2 | C45: 8 | D45: 40876 | E45: 1 | F45: 1991 | G45: 1 | H45: 1 | I45: 0 | J45: 2 | K45: 2 | L45: 2 | M45: 0 | N45: 1 | O45: 0 | P45: 1 | Q45: 9 | R45: 4 | S45: 1 | T45: 0 | U45: 2 | V45: 2 | W45: 1 | X45: 3 | Y45: 1 | Z45: 4 | AA45: 2 | AB45: 4 | AC45: 3 | AE45: 4 | AF45: 2 | AG45: 4 | AH45: 2 | AJ45: 3 | AK45: =COUNTIF(AB45:AJ45,1) -> 0 | AL45: =COUNTIF(AB45:AJ45,2) -> 2 | AM45: =COUNTIF(AB45:AJ45,3) -> 2 | AN45: =COUNTIF(AB45:AJ45,4) -> 3 | AO45: 1 | AP45: 1 | AR45: 1 | AS45: 0 | AT45: 1 | AU45: 0 | AV45: 0 | AX45: 4 | AY45: 2 | BA45: 4 | BB45: 2 | BC45: 4 | BD45: 2 | BF45: 4 | BG45: =COUNTIF(AX45:BF45,1) -> 0 | BH45: =COUNTIF(AX45:BF45,2) -> 3 | BI45: =COUNTIF(AX45:BF45,3) -> 0 | BJ45: =COUNTIF(AX45:BF45,4) -> 4 | BK45: =IF(AND(OR(AB45=3,AB45=4),OR(AX45=3,AX45=4)),1,0) -> 1 | BL45: =IF(AND(OR(AC45=3,AC45=4),OR(AY45=3,AY45=4)),1,0) -> 0 | BM45: =IF(AND(OR(AD45=3,AD45=4),OR(AZ45=3,AZ45=4)),1,0) -> 0 | BN45: =IF(AND(OR(AE45=3,AE45=4),OR(BA45=3,BA45=4)),1,0) -> 1 | BO45: =IF(AND(OR(AF45=3,AF45=4),OR(BB45=3,BB45=4)),1,0) -> 0 | BP45: =IF(AND(OR(AG45=3,AG45=4),OR(BC45=3,BC45=4)),1,0) -> 1 | BQ45: =IF(AND(OR(AH45=3,AH45=4),OR(BD45=3,BD45=4)),1,0) -> 0 | BR45: =IF(AND(OR(AI45=3,AI45=4),OR(BE45=3,BE45=4)),1,0) -> 0 | BS45: =IF(AND(OR(AJ45=3,AJ45=4),OR(BF45=3,BF45=4)),1,0) -> 1 | BT45: =SUM(Raw!AX39:AX45) -> 1 | BU45: =SUM(Raw!BE39:BE45) -> 1 | BW45: =SUM(Raw!BP39:BP45) -> 2 | BX45: =SUM(Raw!BT39:BT45) -> 2 | BY45: =SUM(Raw!BW39:BW45) -> 0 | BZ45: =SUM(Raw!BY39:BY45) -> 0 | CB45: =SUM(Raw!CA40:CA46) -> 0 | CC45: 1 | CD45: 1 | CE45: 1 | CF45: 2 | CG45: 1 | CH45: 1 | CI45: 0 | CJ45: 2 | CK45: 2 | CL45: 1 | CM45: 2 | CN45: 1 | CO45: 1 | CP45: 2 | CQ45: 1
A46: 2 | B46: 2 | C46: 1 | D46: 40876 | E46: 1 | F46: 1988 | G46: 2 | H46: 1 | I46: 0 | J46: 2 | K46: 1 | L46: 2 | M46: 5 | N46: 2 | O46: 2 | P46: 1 | Q46: 5 | R46: 0 | S46: 1 | T46: 0 | U46: 1 | V46: 2 | W46: 1 | X46: 3 | Y46: 1 | Z46: 2 | AA46: 0 | AC46: 1 | AD46: 3 | AE46: 3 | AF46: 4 | AG46: 3 | AH46: 3 | AI46: 1 | AJ46: 4 | AK46: =COUNTIF(AB46:AJ46,1) -> 2 | AL46: =COUNTIF(AB46:AJ46,2) -> 0 | AM46: =COUNTIF(AB46:AJ46,3) -> 4 | AN46: =COUNTIF(AB46:AJ46,4) -> 2 | AO46: 0 | AP46: 0 | AQ46: 0 | AR46: 1 | AS46: 1 | AT46: 1 | AU46: 1 | AV46: 0 | AW46: 1 | AY46: 1 | AZ46: 3 | BA46: 3 | BB46: 4 | BC46: 3 | BD46: 3 | BE46: 1 | BF46: 4 | BG46: =COUNTIF(AX46:BF46,1) -> 2 | BH46: =COUNTIF(AX46:BF46,2) -> 0 | BI46: =COUNTIF(AX46:BF46,3) -> 4 | BJ46: =COUNTIF(AX46:BF46,4) -> 2 | BK46: =IF(AND(OR(AB46=3,AB46=4),OR(AX46=3,AX46=4)),1,0) -> 0 | BL46: =IF(AND(OR(AC46=3,AC46=4),OR(AY46=3,AY46=4)),1,0) -> 0 | BM46: =IF(AND(OR(AD46=3,AD46=4),OR(AZ46=3,AZ46=4)),1,0) -> 1 | BN46: =IF(AND(OR(AE46=3,AE46=4),OR(BA46=3,BA46=4)),1,0) -> 1 | BO46: =IF(AND(OR(AF46=3,AF46=4),OR(BB46=3,BB46=4)),1,0) -> 1 | BP46: =IF(AND(OR(AG46=3,AG46=4),OR(BC46=3,BC46=4)),1,0) -> 1 | BQ46: =IF(AND(OR(AH46=3,AH46=4),OR(BD46=3,BD46=4)),1,0) -> 1 | BR46: =IF(AND(OR(AI46=3,AI46=4),OR(BE46=3,BE46=4)),1,0) -> 0 | BS46: =IF(AND(OR(AJ46=3,AJ46=4),OR(BF46=3,BF46=4)),1,0) -> 1 | BU46: =SUM(Raw!AR46:AR54) -> 0 | BV46: =SUM(Raw!AS46:AS54) -> 0 | BW46: =SUM(Raw!AT46:AT54) -> 0 | BX46: =SUM(Raw!AU46:AU54) -> 6 | BY46: =SUM(Raw!AV46:AV54) -> 4 | BZ46: =SUM(Raw!AW46:AW54) -> 2 | CA46: =SUM(Raw!AX46:AX54) -> 0 | CB46: =SUM(Raw!AY46:AY54) -> 6 | CC46: 1 | CD46: 2 | CE46: 1 | CF46: 1 | CG46: 1 | CH46: 1 | CI46: 1 | CJ46: 2 | CK46: 1 | CL46: 1 | CM46: 2 | CN46: 2 | CO46: 1 | CP46: 2 | CQ46: 2
A47: 2 | B47: 2 | C47: 2 | D47: 40876 | E47: 1 | F47: 1992 | G47: 1 | H47: 1 | I47: 0 | J47: 1 | K47: 0 | L47: 1 | N47: 2 | O47: 4 | P47: 0 | Q47: 4 | R47: 8 | S47: 0 | T47: 3 | U47: 1 | V47: 2 | W47: 1 | X47: 0 | Y47: 0 | Z47: 1 | AA47: 2 | AB47: 2 | AD47: 3 | AE47: 3 | AF47: 3 | AG47: 3 | AH47: 2 | AI47: 3 | AJ47: 2 | AK47: =COUNTIF(AB47:AJ47,1) -> 0 | AL47: =COUNTIF(AB47:AJ47,2) -> 3 | AM47: =COUNTIF(AB47:AJ47,3) -> 5 | AN47: =COUNTIF(AB47:AJ47,4) -> 0 | AO47: 0 | AP47: 0 | AQ47: 1 | AR47: 1 | AS47: 0 | AT47: 0 | AU47: 0 | AV47: 1 | AW47: 0 | AX47: 2 | AZ47: 3 | BA47: 3 | BB47: 3 | BC47: 2 | BD47: 2 | BE47: 3 | BF47: 2 | BG47: =COUNTIF(AX47:BF47,1) -> 0 | BH47: =COUNTIF(AX47:BF47,2) -> 4 | BI47: =COUNTIF(AX47:BF47,3) -> 4 | BJ47: =COUNTIF(AX47:BF47,4) -> 0 | BK47: =IF(AND(OR(AB47=3,AB47=4),OR(AX47=3,AX47=4)),1,0) -> 0 | BL47: =IF(AND(OR(AC47=3,AC47=4),OR(AY47=3,AY47=4)),1,0) -> 0 | BM47: =IF(AND(OR(AD47=3,AD47=4),OR(AZ47=3,AZ47=4)),1,0) -> 1 | BN47: =IF(AND(OR(AE47=3,AE47=4),OR(BA47=3,BA47=4)),1,0) -> 1 | BO47: =IF(AND(OR(AF47=3,AF47=4),OR(BB47=3,BB47=4)),1,0) -> 1 | BP47: =IF(AND(OR(AG47=3,AG47=4),OR(BC47=3,BC47=4)),1,0) -> 0 | BQ47: =IF(AND(OR(AH47=3,AH47=4),OR(BD47=3,BD47=4)),1,0) -> 0 | BR47: =IF(AND(OR(AI47=3,AI47=4),OR(BE47=3,BE47=4)),1,0) -> 1 | BS47: =IF(AND(OR(AJ47=3,AJ47=4),OR(BF47=3,BF47=4)),1,0) -> 0 | BT47: =SUM(Raw!AR46:AR54) -> 0 | BV47: =SUM(Raw!AZ46:AZ54) -> 2 | BW47: =SUM(Raw!BA46:BA54) -> 3 | BX47: =SUM(Raw!BB46:BB54) -> 0 | BY47: =SUM(Raw!BC46:BC54) -> 0 | BZ47: =SUM(Raw!BD46:BD54) -> 1 | CA47: =SUM(Raw!BE46:BE54) -> 4 | CB47: =SUM(Raw!BF46:BF54) -> 0 | CC47: 1 | CD47: 2 | CE47: 1 | CF47: 2 | CG47: 1 | CH47: 2 | CI47: 1 | CJ47: 1 | CK47: 2 | CL47: 1 | CM47: 1 | CN47: 2 | CO47: 1 | CP47: 1 | CQ47: 2
A48: 2 | B48: 2 | C48: 3 | D48: 40876 | E48: 1 | F48: 1992 | G48: 1 | H48: 2 | I48: 0 | J48: 2 | K48: 1 | L48: 2 | M48: 4 | N48: 2 | O48: 6 | P48: 1 | Q48: 8 | R48: 2 | S48: 0 | T48: 1 | U48: 0 | V48: 2 | W48: 0 | X48: 0 | Y48: 0 | Z48: 2 | AA48: 0 | AB48: 2 | AC48: 3 | AE48: 4 | AF48: 2 | AG48: 1 | AH48: 2 | AI48: 4 | AJ48: 1 | AK48: =COUNTIF(AB48:AJ48,1) -> 2 | AL48: =COUNTIF(AB48:AJ48,2) -> 3 | AM48: =COUNTIF(AB48:AJ48,3) -> 1 | AN48: =COUNTIF(AB48:AJ48,4) -> 2 | AO48: 0 | AP48: 1 | AQ48: 0 | AR48: 1 | AS48: 0 | AT48: 0 | AU48: 0 | AV48: 1 | AW48: 0 | AX48: 2 | AY48: 3 | BA48: 4 | BB48: 2 | BC48: 2 | BD48: 2 | BE48: 4 | BF48: 2 | BG48: =COUNTIF(AX48:BF48,1) -> 0 | BH48: =COUNTIF(AX48:BF48,2) -> 5 | BI48: =COUNTIF(AX48:BF48,3) -> 1 | BJ48: =COUNTIF(AX48:BF48,4) -> 2 | BK48: =IF(AND(OR(AB48=3,AB48=4),OR(AX48=3,AX48=4)),1,0) -> 0 | BL48: =IF(AND(OR(AC48=3,AC48=4),OR(AY48=3,AY48=4)),1,0) -> 1 | BM48: =IF(AND(OR(AD48=3,AD48=4),OR(AZ48=3,AZ48=4)),1,0) -> 0 | BN48: =IF(AND(OR(AE48=3,AE48=4),OR(BA48=3,BA48=4)),1,0) -> 1 | BO48: =IF(AND(OR(AF48=3,AF48=4),OR(BB48=3,BB48=4)),1,0) -> 0 | BP48: =IF(AND(OR(AG48=3,AG48=4),OR(BC48=3,BC48=4)),1,0) -> 0 | BQ48: =IF(AND(OR(AH48=3,AH48=4),OR(BD48=3,BD48=4)),1,0) -> 0 | BR48: =IF(AND(OR(AI48=3,AI48=4),OR(BE48=3,BE48=4)),1,0) -> 1 | BS48: =IF(AND(OR(AJ48=3,AJ48=4),OR(BF48=3,BF48=4)),1,0) -> 0 | BT48: =SUM(Raw!AS46:AS54) -> 0 | BU48: =SUM(Raw!AZ46:AZ54) -> 2 | BW48: =SUM(Raw!BG46:BG53) -> 4 | BX48: =SUM(Raw!BH46:BH53) -> 0 | BY48: =SUM(Raw!BI46:BI53) -> 0 | BZ48: =SUM(Raw!BJ46:BJ53) -> 0 | CA48: =SUM(Raw!BK46:BK53) -> 4 | CB48: =SUM(Raw!BL46:BL53) -> 0 | CC48: 1 | CD48: 1 | CE48: 2 | CF48: 1 | CG48: 1 | CH48: 1 | CI48: 1 | CJ48: 2 | CK48: 2 | CL48: 1 | CM48: 2 | CN48: 1 | CO48: 0 | CP48: 2 | CQ48: 1
A49: 2 | B49: 2 | C49: 4 | D49: 40876 | E49: 1 | F49: 1990 | G49: 1 | H49: 2 | I49: 1 | J49: 1 | K49: 2 | L49: 2 | M49: 0 | N49: 2 | O49: 5 | P49: 1 | Q49: 5 | R49: 3 | S49: 0 | T49: 3 | U49: 0 | V49: 2 | W49: 0 | X49: 0 | Y49: 0 | Z49: 3 | AA49: 0 | AB49: 3 | AC49: 4 | AD49: 4 | AF49: 4 | AG49: 3 | AH49: 3 | AI49: 4 | AJ49: 3 | AK49: =COUNTIF(AB49:AJ49,1) -> 0 | AL49: =COUNTIF(AB49:AJ49,2) -> 0 | AM49: =COUNTIF(AB49:AJ49,3) -> 4 | AN49: =COUNTIF(AB49:AJ49,4) -> 4 | AO49: 1 | AP49: 1 | AQ49: 1 | AR49: 0 | AS49: 1 | AT49: 1 | AU49: 1 | AV49: 1 | AW49: 1 | AX49: 3 | AY49: 4 | AZ49: 4 | BB49: 3 | BC49: 3 | BD49: 3 | BE49: 4 | BF49: 3 | BG49: =COUNTIF(AX49:BF49,1) -> 0 | BH49: =COUNTIF(AX49:BF49,2) -> 0 | BI49: =COUNTIF(AX49:BF49,3) -> 5 | BJ49: =COUNTIF(AX49:BF49,4) -> 3 | BK49: =IF(AND(OR(AB49=3,AB49=4),OR(AX49=3,AX49=4)),1,0) -> 1 | BL49: =IF(AND(OR(AC49=3,AC49=4),OR(AY49=3,AY49=4)),1,0) -> 1 | BM49: =IF(AND(OR(AD49=3,AD49=4),OR(AZ49=3,AZ49=4)),1,0) -> 1 | BN49: =IF(AND(OR(AE49=3,AE49=4),OR(BA49=3,BA49=4)),1,0) -> 0 | BO49: =IF(AND(OR(AF49=3,AF49=4),OR(BB49=3,BB49=4)),1,0) -> 1 | BP49: =IF(AND(OR(AG49=3,AG49=4),OR(BC49=3,BC49=4)),1,0) -> 1 | BQ49: =IF(AND(OR(AH49=3,AH49=4),OR(BD49=3,BD49=4)),1,0) -> 1 | BR49: =IF(AND(OR(AI49=3,AI49=4),OR(BE49=3,BE49=4)),1,0) -> 1 | BS49: =IF(AND(OR(AJ49=3,AJ49=4),OR(BF49=3,BF49=4)),1,0) -> 1 | BT49: =SUM(Raw!AT46:AT54) -> 0 | BU49: =SUM(Raw!BA46:BA54) -> 3 | BV49: =SUM(Raw!BG46:BG54) -> 4 | BX49: =SUM(Raw!BM46:BM54) -> 0 | BY49: =SUM(Raw!BN46:BN54) -> 0 | BZ49: =SUM(Raw!BO46:BO54) -> 0 | CA49: =SUM(Raw!BP46:BP54) -> 3 | CB49: =SUM(Raw!BQ46:BQ54) -> 0 | CC49: 2 | CD49: 2 | CE49: 2 | CF49: 2 | CG49: 2 | CH49: 2 | CI49: 1 | CJ49: 2 | CK49: 2 | CL49: 1 | CM49: 2 | CN49: 2 | CO49: 1 | CP49: 2 | CQ49: 2
A50: 2 | B50: 2 | C50: 5 | D50: 40876 | E50: 1 | F50: 1989 | G50: 4 | H50: 1 | I50: 0 | J50: 2 | K50: 2 | L50: 2 | M50: 5 | N50: 2 | O50: 1 | P50: 1 | Q50: 5 | R50: 0 | S50: 0 | T50: 1 | U50: 0 | V50: 0 | W50: 0 | X50: 2 | Y50: 2 | Z50: 2 | AA50: 2 | AB50: 4 | AC50: 1 | AD50: 3 | AE50: 3 | AG50: 3 | AH50: 3 | AI50: 1 | AJ50: 4 | AK50: =COUNTIF(AB50:AJ50,1) -> 2 | AL50: =COUNTIF(AB50:AJ50,2) -> 0 | AM50: =COUNTIF(AB50:AJ50,3) -> 4 | AN50: =COUNTIF(AB50:AJ50,4) -> 2 | AO50: 1 | AP50: 0 | AQ50: 0 | AR50: 1 | AS50: 0 | AT50: 1 | AU50: 1 | AV50: 0 | AW50: 1 | AX50: 4 | AY50: 2 | AZ50: 3 | BA50: 3 | BC50: 3 | BD50: 3 | BE50: 3 | BF50: 4 | BG50: =COUNTIF(AX50:BF50,1) -> 0 | BH50: =COUNTIF(AX50:BF50,2) -> 1 | BI50: =COUNTIF(AX50:BF50,3) -> 5 | BJ50: =COUNTIF(AX50:BF50,4) -> 2 | BK50: =IF(AND(OR(AB50=3,AB50=4),OR(AX50=3,AX50=4)),1,0) -> 1 | BL50: =IF(AND(OR(AC50=3,AC50=4),OR(AY50=3,AY50=4)),1,0) -> 0 | BM50: =IF(AND(OR(AD50=3,AD50=4),OR(AZ50=3,AZ50=4)),1,0) -> 1 | BN50: =IF(AND(OR(AE50=3,AE50=4),OR(BA50=3,BA50=4)),1,0) -> 1 | BO50: =IF(AND(OR(AF50=3,AF50=4),OR(BB50=3,BB50=4)),1,0) -> 0 | BP50: =IF(AND(OR(AG50=3,AG50=4),OR(BC50=3,BC50=4)),1,0) -> 1 | BQ50: =IF(AND(OR(AH50=3,AH50=4),OR(BD50=3,BD50=4)),1,0) -> 1 | BR50: =IF(AND(OR(AI50=3,AI50=4),OR(BE50=3,BE50=4)),1,0) -> 0 | BS50: =IF(AND(OR(AJ50=3,AJ50=4),OR(BF50=3,BF50=4)),1,0) -> 1 | BT50: =SUM(Raw!AU46:AU54) -> 6 | BU50: =SUM(Raw!BB46:BB54) -> 0 | BV50: =SUM(Raw!BH46:BH54) -> 0 | BW50: =SUM(Raw!BM46:BM54) -> 0 | BY50: =SUM(Raw!BR46:BR54) -> 2 | BZ50: =SUM(Raw!BS46:BS54) -> 1 | CA50: =SUM(Raw!BT46:BT54) -> 0 | CB50: =SUM(Raw!BU46:BU54) -> 5 | CC50: 1 | CD50: 2 | CE50: 2 | CF50: 2 | CG50: 1 | CH50: 2 | CI50: 1 | CJ50: 1 | CK50: 2 | CL50: 0 | CM50: 1 | CN50: 2 | CO50: 1 | CP50: 1 | CQ50: 2
A51: 2 | B51: 2 | C51: 6 | D51: 40876 | E51: 1 | F51: 1985 | G51: 4 | H51: 2 | I51: 0 | J51: 2 | K51: 2 | L51: 2 | M51: 0 | N51: 5 | O51: 6 | P51: 1 | Q51: 5 | R51: 4 | S51: 0 | T51: 1 | U51: 0 | V51: 2 | W51: 1 | X51: 3 | Y51: 1 | Z51: 0 | AA51: 1 | AB51: 3 | AC51: 2 | AD51: 2 | AE51: 3 | AF51: 3 | AH51: 2 | AI51: 2 | AJ51: 3 | AK51: =COUNTIF(AB51:AJ51,1) -> 0 | AL51: =COUNTIF(AB51:AJ51,2) -> 4 | AM51: =COUNTIF(AB51:AJ51,3) -> 4 | AN51: =COUNTIF(AB51:AJ51,4) -> 0 | AO51: 1 | AP51: 0 | AQ51: 0 | AR51: 1 | AS51: 1 | AT51: 0 | AU51: 0 | AV51: 0 | AW51: 1 | AX51: 3 | AY51: 2 | AZ51: 2 | BA51: 2 | BB51: 3 | BD51: 2 | BE51: 2 | BF51: 3 | BG51: =COUNTIF(AX51:BF51,1) -> 0 | BH51: =COUNTIF(AX51:BF51,2) -> 5 | BI51: =COUNTIF(AX51:BF51,3) -> 3 | BJ51: =COUNTIF(AX51:BF51,4) -> 0 | BK51: =IF(AND(OR(AB51=3,AB51=4),OR(AX51=3,AX51=4)),1,0) -> 1 | BL51: =IF(AND(OR(AC51=3,AC51=4),OR(AY51=3,AY51=4)),1,0) -> 0 | BM51: =IF(AND(OR(AD51=3,AD51=4),OR(AZ51=3,AZ51=4)),1,0) -> 0 | BN51: =IF(AND(OR(AE51=3,AE51=4),OR(BA51=3,BA51=4)),1,0) -> 0 | BO51: =IF(AND(OR(AF51=3,AF51=4),OR(BB51=3,BB51=4)),1,0) -> 1 | BP51: =IF(AND(OR(AG51=3,AG51=4),OR(BC51=3,BC51=4)),1,0) -> 0 | BQ51: =IF(AND(OR(AH51=3,AH51=4),OR(BD51=3,BD51=4)),1,0) -> 0 | BR51: =IF(AND(OR(AI51=3,AI51=4),OR(BE51=3,BE51=4)),1,0) -> 0 | BS51: =IF(AND(OR(AJ51=3,AJ51=4),OR(BF51=3,BF51=4)),1,0) -> 1 | BT51: =SUM(Raw!AV46:AV54) -> 4 | BU51: =SUM(Raw!BC46:BC54) -> 0 | BV51: =SUM(Raw!BI46:BI54) -> 0 | BW51: =SUM(Raw!BN46:BN54) -> 0 | BX51: =SUM(Raw!BR46:BR54) -> 2 | BZ51: =SUM(Raw!BV46:BV54) -> 0 | CA51: =SUM(Raw!BW46:BW54) -> 0 | CB51: =SUM(Raw!BX46:BX54) -> 4 | CC51: 1 | CD51: 2 | CE51: 1 | CF51: 2 | CG51: 1 | CH51: 2 | CI51: 1 | CJ51: 2 | CK51: 1 | CL51: 1 | CM51: 2 | CN51: 1 | CO51: 1 | CP51: 2 | CQ51: 1
A52: 2 | B52: 2 | C52: 7 | D52: 40882 | E52: 1 | F52: 1990 | G52: 1 | H52: 1 | I52: 1 | J52: 2 | K52: 1 | L52: 2 | M52: 3 | N52: 0 | O52: 0 | P52: 1 | Q52: 6 | R52: 2 | S52: 0 | T52: 2 | U52: 1 | V52: 2 | W52: 1 | X52: 1 | Y52: 1 | Z52: 0 | AA52: 2 | AB52: 4 | AC52: 1 | AD52: 2 | AE52: 3 | AF52: 4 | AG52: 2 | AI52: 1 | AJ52: 3 | AK52: =COUNTIF(AB52:AJ52,1) -> 2 | AL52: =COUNTIF(AB52:AJ52,2) -> 2 | AM52: =COUNTIF(AB52:AJ52,3) -> 2 | AN52: =COUNTIF(AB52:AJ52,4) -> 2 | AO52: 1 | AP52: 0 | AQ52: 0 | AR52: 1 | AS52: 1 | AT52: 0 | AU52: 0 | AV52: 0 | AW52: 1 | AX52: 3 | AY52: 2 | AZ52: 2 | BA52: 3 | BB52: 3 | BC52: 2 | BE52: 1 | BF52: 3 | BG52: =COUNTIF(AX52:BF52,1) -> 1 | BH52: =COUNTIF(AX52:BF52,2) -> 3 | BI52: =COUNTIF(AX52:BF52,3) -> 4 | BJ52: =COUNTIF(AX52:BF52,4) -> 0 | BK52: =IF(AND(OR(AB52=3,AB52=4),OR(AX52=3,AX52=4)),1,0) -> 1 | BL52: =IF(AND(OR(AC52=3,AC52=4),OR(AY52=3,AY52=4)),1,0) -> 0 | BM52: =IF(AND(OR(AD52=3,AD52=4),OR(AZ52=3,AZ52=4)),1,0) -> 0 | BN52: =IF(AND(OR(AE52=3,AE52=4),OR(BA52=3,BA52=4)),1,0) -> 1 | BO52: =IF(AND(OR(AF52=3,AF52=4),OR(BB52=3,BB52=4)),1,0) -> 1 | BP52: =IF(AND(OR(AG52=3,AG52=4),OR(BC52=3,BC52=4)),1,0) -> 0 | BQ52: =IF(AND(OR(AH52=3,AH52=4),OR(BD52=3,BD52=4)),1,0) -> 0 | BR52: =IF(AND(OR(AI52=3,AI52=4),OR(BE52=3,BE52=4)),1,0) -> 0 | BS52: =IF(AND(OR(AJ52=3,AJ52=4),OR(BF52=3,BF52=4)),1,0) -> 1 | BT52: =SUM(Raw!AW46:AW54) -> 2 | BU52: =SUM(Raw!BD46:BD54) -> 1 | BV52: =SUM(Raw!BJ46:BJ54) -> 0 | BW52: =SUM(Raw!BO46:BO54) -> 0 | BX52: =SUM(Raw!BS46:BS54) -> 1 | BY52: =SUM(Raw!BV46:BV54) -> 0 | CA52: =SUM(Raw!BW46:BW54) -> 0 | CB52: =SUM(Raw!BX46:BX54) -> 4 | CC52: 2 | CD52: 2 | CE52: 2 | CF52: 2 | CG52: 1 | CH52: 2 | CI52: 0 | CJ52: 1 | CK52: 2 | CL52: 0 | CM52: 1 | CN52: 1 | CO52: 1 | CP52: 1 | CQ52: 1
A53: 2 | B53: 2 | C53: 8 | D53: 40876 | E53: 1 | F53: 1993 | G53: 1 | H53: 1 | I53: 0 | J53: 0 | K53: 1 | L53: 1 | M53: 3 | N53: 1 | O53: 3 | P53: 1 | Q53: 4 | R53: 1 | S53: 0 | T53: 3 | U53: 2 | V53: 2 | W53: 2 | X53: 0 | Y53: 0 | Z53: 1 | AA53: 1 | AB53: 3 | AC53: 3 | AD53: 4 | AE53: 4 | AF53: 3 | AG53: 2 | AH53: 3 | AJ53: 3 | AK53: =COUNTIF(AB53:AJ53,1) -> 0 | AL53: =COUNTIF(AB53:AJ53,2) -> 1 | AM53: =COUNTIF(AB53:AJ53,3) -> 5 | AN53: =COUNTIF(AB53:AJ53,4) -> 2 | AO53: 0 | AP53: 1 | AQ53: 1 | AR53: 1 | AS53: 0 | AT53: 0 | AU53: 0 | AV53: 0 | AW53: 0 | AX53: 2 | AY53: 3 | AZ53: 4 | BA53: 4 | BB53: 3 | BC53: 2 | BD53: 3 | BF53: 2 | BG53: =COUNTIF(AX53:BF53,1) -> 0 | BH53: =COUNTIF(AX53:BF53,2) -> 3 | BI53: =COUNTIF(AX53:BF53,3) -> 3 | BJ53: =COUNTIF(AX53:BF53,4) -> 2 | BK53: =IF(AND(OR(AB53=3,AB53=4),OR(AX53=3,AX53=4)),1,0) -> 0 | BL53: =IF(AND(OR(AC53=3,AC53=4),OR(AY53=3,AY53=4)),1,0) -> 1 | BM53: =IF(AND(OR(AD53=3,AD53=4),OR(AZ53=3,AZ53=4)),1,0) -> 1 | BN53: =IF(AND(OR(AE53=3,AE53=4),OR(BA53=3,BA53=4)),1,0) -> 1 | BO53: =IF(AND(OR(AF53=3,AF53=4),OR(BB53=3,BB53=4)),1,0) -> 1 | BP53: =IF(AND(OR(AG53=3,AG53=4),OR(BC53=3,BC53=4)),1,0) -> 0 | BQ53: =IF(AND(OR(AH53=3,AH53=4),OR(BD53=3,BD53=4)),1,0) -> 1 | BR53: =IF(AND(OR(AI53=3,AI53=4),OR(BE53=3,BE53=4)),1,0) -> 0 | BS53: =IF(AND(OR(AJ53=3,AJ53=4),OR(BF53=3,BF53=4)),1,0) -> 0 | BT53: =SUM(Raw!AX46:AX54) -> 0 | BU53: =SUM(Raw!BE46:BE54) -> 4 | BV53: =SUM(Raw!BK46:BK54) -> 4 | BW53: =SUM(Raw!BP46:BP54) -> 3 | BX53: =SUM(Raw!BT46:BT54) -> 0 | BY53: =SUM(Raw!BW46:BW54) -> 0 | BZ53: =SUM(Raw!BY46:BY54) -> 0 | CB53: =SUM(Raw!CA46:CA54) -> 0 | CC53: 2 | CD53: 2 | CE53: 2 | CF53: 2 | CG53: 2 | CH53: 2 | CI53: 1 | CJ53: 2 | CK53: 2 | CL53: 0 | CM53: 2 | CN53: 1 | CO53: 1 | CP53: 1 | CQ53: 1
A54: 2 | B54: 2 | C54: 9 | D54: 40876 | E54: 1 | F54: 1987 | G54: 4 | H54: 1 | I54: 0 | J54: 1 | K54: 1 | L54: 2 | M54: 3 | N54: 2 | O54: 2 | P54: 0 | Q54: 6 | R54: 4 | S54: 0 | T54: 1 | U54: 1 | V54: 2 | W54: 0 | X54: 6 | Y54: 1 | Z54: 2 | AA54: 1 | AB54: 4 | AC54: 1 | AD54: 3 | AE54: 3 | AF54: 4 | AG54: 3 | AH54: 3 | AI54: 1 | AK54: =COUNTIF(AB54:AJ54,1) -> 2 | AL54: =COUNTIF(AB54:AJ54,2) -> 0 | AM54: =COUNTIF(AB54:AJ54,3) -> 4 | AN54: =COUNTIF(AB54:AJ54,4) -> 2 | AO54: 1 | AP54: 0 | AQ54: 0 | AR54: 1 | AS54: 1 | AT54: 1 | AU54: 1 | AV54: 0 | AW54: 0 | AX54: 4 | AY54: 2 | AZ54: 2 | BA54: 2 | BB54: 3 | BC54: 3 | BD54: 2 | BE54: 2 | BG54: =COUNTIF(AX54:BF54,1) -> 0 | BH54: =COUNTIF(AX54:BF54,2) -> 5 | BI54: =COUNTIF(AX54:BF54,3) -> 2 | BJ54: =COUNTIF(AX54:BF54,4) -> 1 | BK54: =IF(AND(OR(AB54=3,AB54=4),OR(AX54=3,AX54=4)),1,0) -> 1 | BL54: =IF(AND(OR(AC54=3,AC54=4),OR(AY54=3,AY54=4)),1,0) -> 0 | BM54: =IF(AND(OR(AD54=3,AD54=4),OR(AZ54=3,AZ54=4)),1,0) -> 0 | BN54: =IF(AND(OR(AE54=3,AE54=4),OR(BA54=3,BA54=4)),1,0) -> 0 | BO54: =IF(AND(OR(AF54=3,AF54=4),OR(BB54=3,BB54=4)),1,0) -> 1 | BP54: =IF(AND(OR(AG54=3,AG54=4),OR(BC54=3,BC54=4)),1,0) -> 1 | BQ54: =IF(AND(OR(AH54=3,AH54=4),OR(BD54=3,BD54=4)),1,0) -> 0 | BR54: =IF(AND(OR(AI54=3,AI54=4),OR(BE54=3,BE54=4)),1,0) -> 0 | BS54: =IF(AND(OR(AJ54=3,AJ54=4),OR(BF54=3,BF54=4)),1,0) -> 0 | BT54: =SUM(Raw!AY46:AY54) -> 6 | BU54: =SUM(Raw!BF46:BF54) -> 0 | BV54: =SUM(Raw!BL46:BL53) -> 0 | BW54: =SUM(Raw!BQ46:BQ54) -> 0 | BX54: =SUM(Raw!BU46:BU54) -> 5 | BY54: =SUM(Raw!BX46:BX54) -> 4 | BZ54: =SUM(Raw!BX46:BX54) -> 4 | CA54: =SUM(Raw!CA46:CA54) -> 0 | CC54: 1 | CD54: 2 | CE54: 1 | CF54: 2 | CG54: 1 | CH54: 2 | CI54: 0 | CJ54: 1 | CK54: 2 | CL54: 0 | CM54: 1 | CN54: 2 | CO54: 0 | CP54: 1 | CQ54: 2
A55: 3 | B55: 2 | C55: 1 | D55: 40876 | E55: 1 | F55: 1988 | G55: 5 | H55: 1 | I55: 1 | J55: 2 | K55: 0 | L55: 2 | M55: 3 | N55: 2 | O55: 6 | P55: 1 | Q55: 11 | R55: 0 | S55: 3 | T55: 1 | U55: 1 | V55: 2 | W55: 1 | X55: 11 | Y55: 0 | Z55: 0 | AA55: 1 | AC55: 2 | AD55: 2 | AE55: 3 | AF55: 3 | AG55: 3 | AH55: 2 | AK55: =COUNTIF(AB55:AJ55,1) -> 0 | AL55: =COUNTIF(AB55:AJ55,2) -> 3 | AM55: =COUNTIF(AB55:AJ55,3) -> 3 | AN55: =COUNTIF(AB55:AJ55,4) -> 0 | AO55: 0 | AP55: 0 | AQ55: 0 | AR55: 1 | AS55: 1 | AT55: 0 | AU55: 0 | AV55: 0 | AY55: 3 | AZ55: 2 | BA55: 2 | BB55: 3 | BC55: 2 | BD55: 3 | BE55: 3 | BG55: =COUNTIF(AX55:BF55,1) -> 0 | BH55: =COUNTIF(AX55:BF55,2) -> 3 | BI55: =COUNTIF(AX55:BF55,3) -> 4 | BJ55: =COUNTIF(AX55:BF55,4) -> 0 | BK55: =IF(AND(OR(AB55=3,AB55=4),OR(AX55=3,AX55=4)),1,0) -> 0 | BL55: =IF(AND(OR(AC55=3,AC55=4),OR(AY55=3,AY55=4)),1,0) -> 0 | BM55: =IF(AND(OR(AD55=3,AD55=4),OR(AZ55=3,AZ55=4)),1,0) -> 0 | BN55: =IF(AND(OR(AE55=3,AE55=4),OR(BA55=3,BA55=4)),1,0) -> 0 | BO55: =IF(AND(OR(AF55=3,AF55=4),OR(BB55=3,BB55=4)),1,0) -> 1 | BP55: =IF(AND(OR(AG55=3,AG55=4),OR(BC55=3,BC55=4)),1,0) -> 0 | BQ55: =IF(AND(OR(AH55=3,AH55=4),OR(BD55=3,BD55=4)),1,0) -> 0 | BR55: =IF(AND(OR(AI55=3,AI55=4),OR(BE55=3,BE55=4)),1,0) -> 0 | BS55: =IF(AND(OR(AJ55=3,AJ55=4),OR(BF55=3,BF55=4)),1,0) -> 0 | BU55: =SUM(Raw!AR55:AR62) -> 2 | BV55: =SUM(Raw!AS55:AS62) -> 2 | BW55: =SUM(Raw!AT55:AT62) -> 2 | BX55: =SUM(Raw!AU55:AU62) -> 2 | BY55: =SUM(Raw!AV55:AV62) -> 2 | BZ55: =SUM(Raw!AW55:AW62) -> 2 | CA55: =SUM(Raw!AX55:AX62) -> 3 | CC55: 1 | CD55: 2 | CE55: 1 | CF55: 2 | CG55: 1 | CH55: 2 | CI55: 0 | CJ55: 1 | CK55: 2 | CL55: 0 | CM55: 1 | CN55: 2 | CO55: 0 | CP55: 1 | CQ55: 2
A56: 3 | B56: 2 | C56: 2 | D56: 40883 | E56: 1 | F56: 1989 | G56: 3 | H56: 1 | I56: 0 | J56: 0 | K56: 2 | L56: 1 | M56: 5 | N56: 0 | O56: 3 | P56: 1 | Q56: 4 | R56: 2 | S56: 0 | T56: 2 | U56: 0 | V56: 0 | W56: 2 | X56: 1 | Y56: 1 | Z56: 6 | AA56: 1 | AB56: 4 | AD56: 4 | AE56: 4 | AF56: 4 | AG56: 4 | AH56: 4 | AI56: 4 | AK56: =COUNTIF(AB56:AJ56,1) -> 0 | AL56: =COUNTIF(AB56:AJ56,2) -> 0 | AM56: =COUNTIF(AB56:AJ56,3) -> 0 | AN56: =COUNTIF(AB56:AJ56,4) -> 7 | AO56: 0 | AP56: 0 | AQ56: 1 | AR56: 1 | AS56: 1 | AT56: 1 | AU56: 1 | AV56: 1 | AX56: 2 | AZ56: 3 | BA56: 3 | BB56: 2 | BC56: 2 | BD56: 2 | BE56: 3 | BG56: =COUNTIF(AX56:BF56,1) -> 0 | BH56: =COUNTIF(AX56:BF56,2) -> 4 | BI56: =COUNTIF(AX56:BF56,3) -> 3 | BJ56: =COUNTIF(AX56:BF56,4) -> 0 | BK56: =IF(AND(OR(AB56=3,AB56=4),OR(AX56=3,AX56=4)),1,0) -> 0 | BL56: =IF(AND(OR(AC56=3,AC56=4),OR(AY56=3,AY56=4)),1,0) -> 0 | BM56: =IF(AND(OR(AD56=3,AD56=4),OR(AZ56=3,AZ56=4)),1,0) -> 1 | BN56: =IF(AND(OR(AE56=3,AE56=4),OR(BA56=3,BA56=4)),1,0) -> 1 | BO56: =IF(AND(OR(AF56=3,AF56=4),OR(BB56=3,BB56=4)),1,0) -> 0 | BP56: =IF(AND(OR(AG56=3,AG56=4),OR(BC56=3,BC56=4)),1,0) -> 0 | BQ56: =IF(AND(OR(AH56=3,AH56=4),OR(BD56=3,BD56=4)),1,0) -> 0 | BR56: =IF(AND(OR(AI56=3,AI56=4),OR(BE56=3,BE56=4)),1,0) -> 1 | BS56: =IF(AND(OR(AJ56=3,AJ56=4),OR(BF56=3,BF56=4)),1,0) -> 0 | BT56: =SUM(Raw!AR55:AR63) -> 2 | BV56: =SUM(Raw!AZ55:AZ62) -> 4 | BW56: =SUM(Raw!BA55:BA62) -> 3 | BX56: =SUM(Raw!BB55:BB62) -> 2 | BY56: =SUM(Raw!BC55:BC62) -> 3 | BZ56: =SUM(Raw!BD55:BD62) -> 4 | CA56: =SUM(Raw!BE55:BE62) -> 5 | CC56: 2 | CD56: 1 | CE56: 2 | CF56: 2 | CG56: 2 | CH56: 2 | CI56: 0 | CJ56: 2 | CK56: 2 | CL56: 0 | CM56: 2 | CN56: 1 | CO56: 0 | CP56: 2 | CQ56: 1
A57: 3 | B57: 2 | C57: 3 | D57: 40876 | E57: 1 | F57: 1989 | G57: 3 | H57: 2 | I57: 0 | J57: 1 | K57: 2 | L57: 2 | M57: 3 | N57: 2 | O57: 2 | P57: 1 | Q57: 5 | R57: 2 | S57: 1 | T57: 1 | U57: 0 | V57: 0 | W57: 0 | X57: 0 | Y57: 0 | Z57: 5 | AA57: 2 | AB57: 3 | AC57: 3 | AE57: 3 | AF57: 3 | AG57: 4 | AH57: 4 | AI57: 4 | AK57: =COUNTIF(AB57:AJ57,1) -> 0 | AL57: =COUNTIF(AB57:AJ57,2) -> 0 | AM57: =COUNTIF(AB57:AJ57,3) -> 4 | AN57: =COUNTIF(AB57:AJ57,4) -> 3 | AO57: 0 | AP57: 1 | AQ57: 0 | AR57: 1 | AS57: 1 | AT57: 1 | AU57: 1 | AV57: 1 | AX57: 3 | AY57: 3 | BA57: 3 | BB57: 3 | BC57: 4 | BD57: 4 | BE57: 4 | BG57: =COUNTIF(AX57:BF57,1) -> 0 | BH57: =COUNTIF(AX57:BF57,2) -> 0 | BI57: =COUNTIF(AX57:BF57,3) -> 4 | BJ57: =COUNTIF(AX57:BF57,4) -> 3 | BK57: =IF(AND(OR(AB57=3,AB57=4),OR(AX57=3,AX57=4)),1,0) -> 1 | BL57: =IF(AND(OR(AC57=3,AC57=4),OR(AY57=3,AY57=4)),1,0) -> 1 | BM57: =IF(AND(OR(AD57=3,AD57=4),OR(AZ57=3,AZ57=4)),1,0) -> 0 | BN57: =IF(AND(OR(AE57=3,AE57=4),OR(BA57=3,BA57=4)),1,0) -> 1 | BO57: =IF(AND(OR(AF57=3,AF57=4),OR(BB57=3,BB57=4)),1,0) -> 1 | BP57: =IF(AND(OR(AG57=3,AG57=4),OR(BC57=3,BC57=4)),1,0) -> 1 | BQ57: =IF(AND(OR(AH57=3,AH57=4),OR(BD57=3,BD57=4)),1,0) -> 1 | BR57: =IF(AND(OR(AI57=3,AI57=4),OR(BE57=3,BE57=4)),1,0) -> 1 | BS57: =IF(AND(OR(AJ57=3,AJ57=4),OR(BF57=3,BF57=4)),1,0) -> 0 | BT57: =SUM(Raw!AS55:AS62) -> 2 | BU57: =SUM(Raw!AZ55:AZ62) -> 4 | BW57: =SUM(Raw!BG55:BG62) -> 5 | BX57: =SUM(Raw!BH55:BH62) -> 4 | BY57: =SUM(Raw!BI55:BI62) -> 4 | BZ57: =SUM(Raw!BJ55:BJ62) -> 4 | CA57: =SUM(Raw!BK55:BK62) -> 6 | CC57: 2 | CD57: 2 | CE57: 2 | CF57: 2 | CG57: 2 | CH57: 2 | CI57: 0 | CJ57: 2 | CK57: 2 | CL57: 0 | CM57: 2 | CN57: 2 | CO57: 0 | CP57: 2 | CQ57: 2
A58: 3 | B58: 2 | C58: 4 | D58: 40876 | E58: 1 | F58: 1992 | G58: 3 | H58: 1 | I58: 0 | J58: 1 | K58: 0 | L58: 1 | M58: 0 | N58: 2 | O58: 4 | P58: 1 | Q58: 1 | R58: 2 | S58: 0 | T58: 2 | U58: 2 | V58: 2 | W58: 1 | X58: 1 | Y58: 1 | Z58: 5 | AA58: 1 | AB58: 3 | AC58: 4 | AD58: 4 | AF58: 4 | AG58: 3 | AH58: 4 | AI58: 4 | AK58: =COUNTIF(AB58:AJ58,1) -> 0 | AL58: =COUNTIF(AB58:AJ58,2) -> 0 | AM58: =COUNTIF(AB58:AJ58,3) -> 2 | AN58: =COUNTIF(AB58:AJ58,4) -> 5 | AO58: 1 | AP58: 1 | AQ58: 1 | AR58: 0 | AS58: 1 | AT58: 1 | AU58: 1 | AV58: 1 | AX58: 3 | AY58: 3 | AZ58: 3 | BB58: 3 | BC58: 3 | BD58: 4 | BE58: 3 | BG58: =COUNTIF(AX58:BF58,1) -> 0 | BH58: =COUNTIF(AX58:BF58,2) -> 0 | BI58: =COUNTIF(AX58:BF58,3) -> 6 | BJ58: =COUNTIF(AX58:BF58,4) -> 1 | BK58: =IF(AND(OR(AB58=3,AB58=4),OR(AX58=3,AX58=4)),1,0) -> 1 | BL58: =IF(AND(OR(AC58=3,AC58=4),OR(AY58=3,AY58=4)),1,0) -> 1 | BM58: =IF(AND(OR(AD58=3,AD58=4),OR(AZ58=3,AZ58=4)),1,0) -> 1 | BN58: =IF(AND(OR(AE58=3,AE58=4),OR(BA58=3,BA58=4)),1,0) -> 0 | BO58: =IF(AND(OR(AF58=3,AF58=4),OR(BB58=3,BB58=4)),1,0) -> 1 | BP58: =IF(AND(OR(AG58=3,AG58=4),OR(BC58=3,BC58=4)),1,0) -> 1 | BQ58: =IF(AND(OR(AH58=3,AH58=4),OR(BD58=3,BD58=4)),1,0) -> 1 | BR58: =IF(AND(OR(AI58=3,AI58=4),OR(BE58=3,BE58=4)),1,0) -> 1 | BS58: =IF(AND(OR(AJ58=3,AJ58=4),OR(BF58=3,BF58=4)),1,0) -> 0 | BT58: =SUM(Raw!AT55:AT62) -> 2 | BU58: =SUM(Raw!BA55:BA62) -> 3 | BV58: =SUM(Raw!BG55:BG62) -> 5 | BX58: =SUM(Raw!BM55:BM62) -> 4 | BY58: =SUM(Raw!BN55:BN62) -> 4 | BZ58: =SUM(Raw!BO55:BO62) -> 4 | CA58: =SUM(Raw!BP55:BP62) -> 3 | CC58: 2 | CD58: 2 | CE58: 2 | CF58: 2 | CG58: 2 | CH58: 1 | CI58: 0 | CJ58: 2 | CK58: 2 | CL58: 0 | CM58: 2 | CN58: 2 | CO58: 0 | CP58: 2 | CQ58: 2
A59: 3 | B59: 2 | C59: 5 | D59: 40879 | E59: 1 | F59: 1990 | G59: 2 | H59: 1 | I59: 0 | J59: 0 | K59: 1 | L59: 2 | M59: 2 | N59: 2 | O59: 2 | P59: 1 | Q59: 6 | R59: 1 | S59: 0 | T59: 3 | U59: 1 | V59: 1 | W59: 1 | X59: 2 | Y59: 0 | Z59: 1 | AA59: 0 | AB59: 4 | AC59: 3 | AD59: 3 | AE59: 4 | AG59: 4 | AH59: 4 | AI59: 4 | AK59: =COUNTIF(AB59:AJ59,1) -> 0 | AL59: =COUNTIF(AB59:AJ59,2) -> 0 | AM59: =COUNTIF(AB59:AJ59,3) -> 2 | AN59: =COUNTIF(AB59:AJ59,4) -> 5 | AO59: 1 | AP59: 1 | AQ59: 1 | AR59: 1 | AS59: 0 | AT59: 0 | AU59: 1 | AV59: 1 | AX59: 4 | AY59: 2 | AZ59: 3 | BA59: 3 | BC59: 3 | BD59: 4 | BE59: 4 | BG59: =COUNTIF(AX59:BF59,1) -> 0 | BH59: =COUNTIF(AX59:BF59,2) -> 1 | BI59: =COUNTIF(AX59:BF59,3) -> 3 | BJ59: =COUNTIF(AX59:BF59,4) -> 3 | BK59: =IF(AND(OR(AB59=3,AB59=4),OR(AX59=3,AX59=4)),1,0) -> 1 | BL59: =IF(AND(OR(AC59=3,AC59=4),OR(AY59=3,AY59=4)),1,0) -> 0 | BM59: =IF(AND(OR(AD59=3,AD59=4),OR(AZ59=3,AZ59=4)),1,0) -> 1 | BN59: =IF(AND(OR(AE59=3,AE59=4),OR(BA59=3,BA59=4)),1,0) -> 1 | BO59: =IF(AND(OR(AF59=3,AF59=4),OR(BB59=3,BB59=4)),1,0) -> 0 | BP59: =IF(AND(OR(AG59=3,AG59=4),OR(BC59=3,BC59=4)),1,0) -> 1 | BQ59: =IF(AND(OR(AH59=3,AH59=4),OR(BD59=3,BD59=4)),1,0) -> 1 | BR59: =IF(AND(OR(AI59=3,AI59=4),OR(BE59=3,BE59=4)),1,0) -> 1 | BS59: =IF(AND(OR(AJ59=3,AJ59=4),OR(BF59=3,BF59=4)),1,0) -> 0 | BT59: =SUM(Raw!AU55:AU62) -> 2 | BU59: =SUM(Raw!BB55:BB62) -> 2 | BV59: =SUM(Raw!BH55:BH62) -> 4 | BW59: =SUM(Raw!BM55:BM62) -> 4 | BY59: =SUM(Raw!BR55:BR62) -> 4 | BZ59: =SUM(Raw!BS55:BS62) -> 3 | CA59: =SUM(Raw!BT55:BT62) -> 3 | CC59: 2 | CD59: 2 | CE59: 2 | CF59: 2 | CG59: 2 | CH59: 2 | CI59: 1 | CJ59: 2 | CK59: 2 | CL59: 1 | CM59: 2 | CN59: 2 | CO59: 1 | CP59: 2 | CQ59: 2
A60: 3 | B60: 2 | C60: 6 | D60: 40886 | E60: 1 | F60: 1992 | G60: 3 | H60: 1 | I60: 0 | J60: 1 | K60: 1 | L60: 1 | M60: 5 | N60: 0 | O60: 2 | P60: 1 | Q60: 4 | R60: 1 | S60: 0 | T60: 2 | U60: 0 | V60: 0 | W60: 0 | X60: 0 | Y60: 0 | Z60: 5 | AA60: 0 | AB60: 2 | AC60: 3 | AD60: 4 | AE60: 3 | AF60: 2 | AH60: 2 | AI60: 3 | AK60: =COUNTIF(AB60:AJ60,1) -> 0 | AL60: =COUNTIF(AB60:AJ60,2) -> 3 | AM60: =COUNTIF(AB60:AJ60,3) -> 3 | AN60: =COUNTIF(AB60:AJ60,4) -> 1 | AO60: 0 | AP60: 1 | AQ60: 1 | AR60: 1 | AS60: 0 | AT60: 0 | AU60: 0 | AV60: 1 | AX60: 2 | AY60: 3 | AZ60: 3 | BA60: 2 | BB60: 2 | BD60: 2 | BE60: 3 | BG60: =COUNTIF(AX60:BF60,1) -> 0 | BH60: =COUNTIF(AX60:BF60,2) -> 4 | BI60: =COUNTIF(AX60:BF60,3) -> 3 | BJ60: =COUNTIF(AX60:BF60,4) -> 0 | BK60: =IF(AND(OR(AB60=3,AB60=4),OR(AX60=3,AX60=4)),1,0) -> 0 | BL60: =IF(AND(OR(AC60=3,AC60=4),OR(AY60=3,AY60=4)),1,0) -> 1 | BM60: =IF(AND(OR(AD60=3,AD60=4),OR(AZ60=3,AZ60=4)),1,0) -> 1 | BN60: =IF(AND(OR(AE60=3,AE60=4),OR(BA60=3,BA60=4)),1,0) -> 0 | BO60: =IF(AND(OR(AF60=3,AF60=4),OR(BB60=3,BB60=4)),1,0) -> 0 | BP60: =IF(AND(OR(AG60=3,AG60=4),OR(BC60=3,BC60=4)),1,0) -> 0 | BQ60: =IF(AND(OR(AH60=3,AH60=4),OR(BD60=3,BD60=4)),1,0) -> 0 | BR60: =IF(AND(OR(AI60=3,AI60=4),OR(BE60=3,BE60=4)),1,0) -> 1 | BS60: =IF(AND(OR(AJ60=3,AJ60=4),OR(BF60=3,BF60=4)),1,0) -> 0 | BT60: =SUM(Raw!AV55:AV62) -> 2 | BU60: =SUM(Raw!BC55:BC62) -> 3 | BV60: =SUM(Raw!BI55:BI62) -> 4 | BW60: =SUM(Raw!BN55:BN62) -> 4 | BX60: =SUM(Raw!BR55:BR62) -> 4 | BZ60: =SUM(Raw!BV55:BV62) -> 3 | CA60: =SUM(Raw!BW55:BW62) -> 3 | CC60: 1 | CD60: 1 | CE60: 2 | CF60: 2 | CG60: 1 | CH60: 2 | CI60: 0 | CJ60: 2 | CK60: 2 | CL60: 0 | CM60: 1 | CN60: 1 | CO60: 1 | CP60: 1 | CQ60: 2
A61: 3 | B61: 2 | C61: 7 | D61: 40876 | E61: 1 | F61: 1992 | G61: 4 | H61: 1 | I61: 0 | J61: 1 | K61: 2 | L61: 2 | M61: 5 | N61: 2 | O61: 5 | P61: 0 | Q61: 8 | R61: 0 | S61: 0 | T61: 2 | U61: 0 | V61: 0 | W61: 2 | X61: 1 | Y61: 1 | Z61: 6 | AA61: 1 | AB61: 3 | AC61: 3 | AD61: 4 | AE61: 4 | AF61: 4 | AG61: 3 | AI61: 4 | AK61: =COUNTIF(AB61:AJ61,1) -> 0 | AL61: =COUNTIF(AB61:AJ61,2) -> 0 | AM61: =COUNTIF(AB61:AJ61,3) -> 3 | AN61: =COUNTIF(AB61:AJ61,4) -> 4 | AO61: 0 | AP61: 1 | AQ61: 1 | AR61: 1 | AS61: 1 | AT61: 0 | AU61: 0 | AV61: 1 | AX61: 3 | AY61: 3 | AZ61: 4 | BA61: 4 | BB61: 4 | BC61: 3 | BE61: 4 | BG61: =COUNTIF(AX61:BF61,1) -> 0 | BH61: =COUNTIF(AX61:BF61,2) -> 0 | BI61: =COUNTIF(AX61:BF61,3) -> 3 | BJ61: =COUNTIF(AX61:BF61,4) -> 4 | BK61: =IF(AND(OR(AB61=3,AB61=4),OR(AX61=3,AX61=4)),1,0) -> 1 | BL61: =IF(AND(OR(AC61=3,AC61=4),OR(AY61=3,AY61=4)),1,0) -> 1 | BM61: =IF(AND(OR(AD61=3,AD61=4),OR(AZ61=3,AZ61=4)),1,0) -> 1 | BN61: =IF(AND(OR(AE61=3,AE61=4),OR(BA61=3,BA61=4)),1,0) -> 1 | BO61: =IF(AND(OR(AF61=3,AF61=4),OR(BB61=3,BB61=4)),1,0) -> 1 | BP61: =IF(AND(OR(AG61=3,AG61=4),OR(BC61=3,BC61=4)),1,0) -> 1 | BQ61: =IF(AND(OR(AH61=3,AH61=4),OR(BD61=3,BD61=4)),1,0) -> 0 | BR61: =IF(AND(OR(AI61=3,AI61=4),OR(BE61=3,BE61=4)),1,0) -> 1 | BS61: =IF(AND(OR(AJ61=3,AJ61=4),OR(BF61=3,BF61=4)),1,0) -> 0 | BT61: =SUM(Raw!AW55:AW62) -> 2 | BU61: =SUM(Raw!BD55:BD62) -> 4 | BV61: =SUM(Raw!BJ55:BJ62) -> 4 | BW61: =SUM(Raw!BO55:BO62) -> 4 | BX61: =SUM(Raw!BS55:BS62) -> 3 | BY61: =SUM(Raw!BV55:BV62) -> 3 | CA61: =SUM(Raw!BY55:BY62) -> 4 | CC61: 2 | CD61: 1 | CE61: 1 | CF61: 2 | CG61: 1 | CH61: 2 | CI61: 1 | CJ61: 1 | CK61: 2 | CL61: 1 | CM61: 1 | CN61: 2 | CO61: 1 | CP61: 1 | CQ61: 2
A62: 3 | B62: 2 | C62: 8 | D62: 40876 | E62: 1 | F62: 1991 | G62: 1 | H62: 1 | I62: 1 | J62: 2 | K62: 2 | L62: 2 | M62: 3 | N62: 2 | O62: 1 | P62: 0 | Q62: 7 | R62: 2 | S62: 0 | T62: 3 | U62: 2 | V62: 2 | W62: 1 | X62: 0 | Y62: 0 | Z62: 4 | AA62: 1 | AB62: 3 | AC62: 4 | AD62: 4 | AE62: 4 | AF62: 3 | AG62: 4 | AH62: 4 | AK62: =COUNTIF(AB62:AJ62,1) -> 0 | AL62: =COUNTIF(AB62:AJ62,2) -> 0 | AM62: =COUNTIF(AB62:AJ62,3) -> 2 | AN62: =COUNTIF(AB62:AJ62,4) -> 5 | AO62: 0 | AP62: 1 | AQ62: 1 | AR62: 1 | AS62: 1 | AT62: 1 | AU62: 1 | AV62: 0 | AX62: 3 | AY62: 3 | AZ62: 3 | BA62: 3 | BB62: 3 | BC62: 3 | BD62: 3 | BG62: =COUNTIF(AX62:BF62,1) -> 0 | BH62: =COUNTIF(AX62:BF62,2) -> 0 | BI62: =COUNTIF(AX62:BF62,3) -> 7 | BJ62: =COUNTIF(AX62:BF62,4) -> 0 | BK62: =IF(AND(OR(AB62=3,AB62=4),OR(AX62=3,AX62=4)),1,0) -> 1 | BL62: =IF(AND(OR(AC62=3,AC62=4),OR(AY62=3,AY62=4)),1,0) -> 1 | BM62: =IF(AND(OR(AD62=3,AD62=4),OR(AZ62=3,AZ62=4)),1,0) -> 1 | BN62: =IF(AND(OR(AE62=3,AE62=4),OR(BA62=3,BA62=4)),1,0) -> 1 | BO62: =IF(AND(OR(AF62=3,AF62=4),OR(BB62=3,BB62=4)),1,0) -> 1 | BP62: =IF(AND(OR(AG62=3,AG62=4),OR(BC62=3,BC62=4)),1,0) -> 1 | BQ62: =IF(AND(OR(AH62=3,AH62=4),OR(BD62=3,BD62=4)),1,0) -> 1 | BR62: =IF(AND(OR(AI62=3,AI62=4),OR(BE62=3,BE62=4)),1,0) -> 0 | BS62: =IF(AND(OR(AJ62=3,AJ62=4),OR(BF62=3,BF62=4)),1,0) -> 0 | BT62: =SUM(Raw!AX55:AX62) -> 3 | BU62: =SUM(Raw!BE55:BE62) -> 5 | BV62: =SUM(Raw!BK55:BK62) -> 6 | BW62: =SUM(Raw!BP55:BP62) -> 3 | BX62: =SUM(Raw!BT55:BT62) -> 3 | BY62: =SUM(Raw!BW55:BW62) -> 3 | BZ62: =SUM(Raw!BY55:BY62) -> 4 | CC62: 2 | CD62: 2 | CE62: 2 | CF62: 2 | CG62: 1 | CH62: 2 | CI62: 0 | CJ62: 2 | CK62: 2 | CL62: 0 | CM62: 2 | CN62: 2 | CO62: 0 | CP62: 2 | CQ62: 2
A63: 4 | B63: 2 | C63: 1 | D63: 40876 | E63: 2 | F63: 1989 | G63: 4 | H63: 1 | I63: 0 | J63: 1 | K63: 1 | L63: 1 | M63: 3 | N63: 0 | O63: 0 | P63: 1 | Q63: 5 | R63: 1 | S63: 0 | T63: 1 | U63: 0 | V63: 2 | W63: 1 | X63: 3 | Y63: 2 | Z63: 3 | AA63: 2 | AC63: 4 | AD63: 2 | AE63: 4 | AF63: 3 | AG63: 3 | AH63: 4 | AI63: 2 | AK63: =COUNTIF(AB63:AJ63,1) -> 0 | AL63: =COUNTIF(AB63:AJ63,2) -> 2 | AM63: =COUNTIF(AB63:AJ63,3) -> 2 | AN63: =COUNTIF(AB63:AJ63,4) -> 3 | AO63: 0 | AP63: 1 | AQ63: 0 | AR63: 1 | AS63: 1 | AT63: 1 | AU63: 1 | AV63: 0 | AW63: 0 | AY63: 4 | AZ63: 2 | BA63: 4 | BB63: 3 | BC63: 3 | BD63: 4 | BE63: 2 | BG63: =COUNTIF(AX63:BF63,1) -> 0 | BH63: =COUNTIF(AX63:BF63,2) -> 2 | BI63: =COUNTIF(AX63:BF63,3) -> 2 | BJ63: =COUNTIF(AX63:BF63,4) -> 3 | BK63: =IF(AND(OR(AB63=3,AB63=4),OR(AX63=3,AX63=4)),1,0) -> 0 | BL63: =IF(AND(OR(AC63=3,AC63=4),OR(AY63=3,AY63=4)),1,0) -> 1 | BM63: =IF(AND(OR(AD63=3,AD63=4),OR(AZ63=3,AZ63=4)),1,0) -> 0 | BN63: =IF(AND(OR(AE63=3,AE63=4),OR(BA63=3,BA63=4)),1,0) -> 1 | BO63: =IF(AND(OR(AF63=3,AF63=4),OR(BB63=3,BB63=4)),1,0) -> 1 | BP63: =IF(AND(OR(AG63=3,AG63=4),OR(BC63=3,BC63=4)),1,0) -> 1 | BQ63: =IF(AND(OR(AH63=3,AH63=4),OR(BD63=3,BD63=4)),1,0) -> 1 | BR63: =IF(AND(OR(AI63=3,AI63=4),OR(BE63=3,BE63=4)),1,0) -> 0 | BS63: =IF(AND(OR(AJ63=3,AJ63=4),OR(BF63=3,BF63=4)),1,0) -> 0 | BU63: =SUM(Raw!AR63:AR71) -> 4 | BV63: =SUM(Raw!AS63:AS71) -> 0 | BW63: =SUM(Raw!AT63:AT71) -> 5 | BX63: =SUM(Raw!AU63:AU71) -> 0 | BY63: =SUM(Raw!AV63:AV71) -> 2 | BZ63: =SUM(Raw!AW63:AW71) -> 4 | CA63: =SUM(Raw!AX63:AX71) -> 0 | CC63: 2 | CD63: 2 | CE63: 2 | CF63: 2 | CG63: 1 | CH63: 2 | CI63: 1 | CJ63: 2 | CK63: 2 | CL63: 1 | CM63: 2 | CN63: 2 | CO63: 0 | CP63: 1 | CQ63: 2
A64: 4 | B64: 2 | C64: 2 | D64: 40876 | E64: 2 | F64: 1991 | G64: 4 | H64: 1 | I64: 1 | J64: 1 | K64: 1 | L64: 2 | M64: 3 | N64: 2 | O64: 1 | P64: 0 | Q64: 5 | R64: 2 | S64: 1 | T64: 2 | U64: 1 | V64: 2 | W64: 2 | X64: 3 | Y64: 2 | Z64: 3 | AA64: 0 | AB64: 4 | AD64: 2 | AE64: 4 | AF64: 3 | AG64: 3 | AH64: 3 | AI64: 1 | AK64: =COUNTIF(AB64:AJ64,1) -> 1 | AL64: =COUNTIF(AB64:AJ64,2) -> 1 | AM64: =COUNTIF(AB64:AJ64,3) -> 3 | AN64: =COUNTIF(AB64:AJ64,4) -> 2 | AO64: 1 | AP64: 0 | AQ64: 0 | AR64: 1 | AS64: 1 | AT64: 1 | AU64: 1 | AV64: 0 | AW64: 0 | AX64: 4 | AZ64: 2 | BA64: 4 | BB64: 3 | BC64: 3 | BD64: 3 | BE64: 1 | BG64: =COUNTIF(AX64:BF64,1) -> 1 | BH64: =COUNTIF(AX64:BF64,2) -> 1 | BI64: =COUNTIF(AX64:BF64,3) -> 3 | BJ64: =COUNTIF(AX64:BF64,4) -> 2 | BK64: =IF(AND(OR(AB64=3,AB64=4),OR(AX64=3,AX64=4)),1,0) -> 1 | BL64: =IF(AND(OR(AC64=3,AC64=4),OR(AY64=3,AY64=4)),1,0) -> 0 | BM64: =IF(AND(OR(AD64=3,AD64=4),OR(AZ64=3,AZ64=4)),1,0) -> 0 | BN64: =IF(AND(OR(AE64=3,AE64=4),OR(BA64=3,BA64=4)),1,0) -> 1 | BO64: =IF(AND(OR(AF64=3,AF64=4),OR(BB64=3,BB64=4)),1,0) -> 1 | BP64: =IF(AND(OR(AG64=3,AG64=4),OR(BC64=3,BC64=4)),1,0) -> 1 | BQ64: =IF(AND(OR(AH64=3,AH64=4),OR(BD64=3,BD64=4)),1,0) -> 1 | BR64: =IF(AND(OR(AI64=3,AI64=4),OR(BE64=3,BE64=4)),1,0) -> 0 | BS64: =IF(AND(OR(AJ64=3,AJ64=4),OR(BF64=3,BF64=4)),1,0) -> 0 | BT64: =SUM(Raw!AR63:AR71) -> 4 | BV64: =SUM(Raw!AZ63:AZ71) -> 0 | BW64: =SUM(Raw!BA63:BA71) -> 5 | BX64: =SUM(Raw!BB63:BB71) -> 0 | BY64: =SUM(Raw!BC63:BC71) -> 0 | BZ64: =SUM(Raw!BD63:BD71) -> 3 | CA64: =SUM(Raw!BE63:BE71) -> 0 | CC64: 2 | CD64: 2 | CE64: 2 | CF64: 2 | CG64: 1 | CH64: 2 | CI64: 1 | CJ64: 1 | CK64: 1 | CL64: 1 | CM64: 2 | CN64: 2 | CO64: 1 | CP64: 2 | CQ64: 1
A65: 4 | B65: 2 | C65: 3 | D65: 40876 | E65: 2 | F65: 1993 | G65: 3 | H65: 1 | I65: 0 | J65: 1 | K65: 2 | L65: 2 | M65: 3 | N65: 2 | O65: 1 | P65: 1 | Q65: 2 | R65: 1 | S65: 0 | T65: 1 | U65: 2 | V65: 0 | W65: 0 | X65: 0 | Y65: 0 | Z65: 0 | AA65: 2 | AB65: 2 | AC65: 2 | AE65: 2 | AF65: 2 | AG65: 3 | AH65: 3 | AI65: 3 | AK65: =COUNTIF(AB65:AJ65,1) -> 0 | AL65: =COUNTIF(AB65:AJ65,2) -> 4 | AM65: =COUNTIF(AB65:AJ65,3) -> 3 | AN65: =COUNTIF(AB65:AJ65,4) -> 0 | AO65: 0 | AP65: 0 | AQ65: 0 | AR65: 0 | AS65: 0 | AT65: 1 | AU65: 1 | AV65: 1 | AW65: 0 | AX65: 2 | AY65: 2 | BA65: 2 | BB65: 2 | BC65: 3 | BD65: 3 | BE65: 3 | BG65: =COUNTIF(AX65:BF65,1) -> 0 | BH65: =COUNTIF(AX65:BF65,2) -> 4 | BI65: =COUNTIF(AX65:BF65,3) -> 3 | BJ65: =COUNTIF(AX65:BF65,4) -> 0 | BK65: =IF(AND(OR(AB65=3,AB65=4),OR(AX65=3,AX65=4)),1,0) -> 0 | BL65: =IF(AND(OR(AC65=3,AC65=4),OR(AY65=3,AY65=4)),1,0) -> 0 | BM65: =IF(AND(OR(AD65=3,AD65=4),OR(AZ65=3,AZ65=4)),1,0) -> 0 | BN65: =IF(AND(OR(AE65=3,AE65=4),OR(BA65=3,BA65=4)),1,0) -> 0 | BO65: =IF(AND(OR(AF65=3,AF65=4),OR(BB65=3,BB65=4)),1,0) -> 0 | BP65: =IF(AND(OR(AG65=3,AG65=4),OR(BC65=3,BC65=4)),1,0) -> 1 | BQ65: =IF(AND(OR(AH65=3,AH65=4),OR(BD65=3,BD65=4)),1,0) -> 1 | BR65: =IF(AND(OR(AI65=3,AI65=4),OR(BE65=3,BE65=4)),1,0) -> 1 | BS65: =IF(AND(OR(AJ65=3,AJ65=4),OR(BF65=3,BF65=4)),1,0) -> 0 | BT65: =SUM(Raw!AS63:AS71) -> 0 | BU65: =SUM(Raw!AZ63:AZ71) -> 0 | BW65: =SUM(Raw!BG63:BG70) -> 0 | BX65: =SUM(Raw!BH63:BH70) -> 0 | BY65: =SUM(Raw!BI63:BI70) -> 0 | BZ65: =SUM(Raw!BJ63:BJ70) -> 0 | CA65: =SUM(Raw!BK63:BK70) -> 1 | CC65: 2 | CD65: 2 | CE65: 1 | CF65: 1 | CG65: 1 | CH65: 1 | CI65: 0 | CJ65: 2 | CK65: 2 | CL65: 1 | CM65: 1 | CN65: 2 | CO65: 1 | CP65: 1 | CQ65: 1
A66: 4 | B66: 2 | C66: 4 | D66: 40876 | E66: 2 | F66: 1992 | G66: 4 | H66: 1 | I66: 1 | J66: 1 | K66: 2 | L66: 2 | M66: 3 | N66: 0 | O66: 0 | P66: 1 | Q66: 6 | R66: 1 | S66: 0 | T66: 1 | U66: 1 | V66: 1 | W66: 1 | X66: 1 | Y66: 0 | Z66: 2 | AA66: 0 | AB66: 3 | AC66: 4 | AF66: 3 | AG66: 3 | AH66: 3 | AI66: 2 | AK66: =COUNTIF(AB66:AJ66,1) -> 0 | AL66: =COUNTIF(AB66:AJ66,2) -> 1 | AM66: =COUNTIF(AB66:AJ66,3) -> 4 | AN66: =COUNTIF(AB66:AJ66,4) -> 1 | AO66: 1 | AP66: 1 | AQ66: 0 | AR66: 0 | AS66: 1 | AT66: 1 | AU66: 1 | AV66: 0 | AW66: 0 | AX66: 3 | AY66: 4 | BB66: 3 | BC66: 3 | BD66: 3 | BE66: 2 | BG66: =COUNTIF(AX66:BF66,1) -> 0 | BH66: =COUNTIF(AX66:BF66,2) -> 1 | BI66: =COUNTIF(AX66:BF66,3) -> 4 | BJ66: =COUNTIF(AX66:BF66,4) -> 1 | BK66: =IF(AND(OR(AB66=3,AB66=4),OR(AX66=3,AX66=4)),1,0) -> 1 | BL66: =IF(AND(OR(AC66=3,AC66=4),OR(AY66=3,AY66=4)),1,0) -> 1 | BM66: =IF(AND(OR(AD66=3,AD66=4),OR(AZ66=3,AZ66=4)),1,0) -> 0 | BN66: =IF(AND(OR(AE66=3,AE66=4),OR(BA66=3,BA66=4)),1,0) -> 0 | BO66: =IF(AND(OR(AF66=3,AF66=4),OR(BB66=3,BB66=4)),1,0) -> 1 | BP66: =IF(AND(OR(AG66=3,AG66=4),OR(BC66=3,BC66=4)),1,0) -> 1 | BQ66: =IF(AND(OR(AH66=3,AH66=4),OR(BD66=3,BD66=4)),1,0) -> 1 | BR66: =IF(AND(OR(AI66=3,AI66=4),OR(BE66=3,BE66=4)),1,0) -> 0 | BS66: =IF(AND(OR(AJ66=3,AJ66=4),OR(BF66=3,BF66=4)),1,0) -> 0 | BT66: =SUM(Raw!AT63:AT71) -> 5 | BU66: =SUM(Raw!BA63:BA71) -> 5 | BV66: =SUM(Raw!BG63:BG71) -> 0 | BX66: =SUM(Raw!BM63:BM71) -> 1 | BY66: =SUM(Raw!BN63:BN71) -> 3 | BZ66: =SUM(Raw!BO63:BO71) -> 3 | CA66: =SUM(Raw!BP63:BP71) -> 1 | CC66: 2 | CD66: 1 | CE66: 2 | CF66: 1 | CG66: 2 | CH66: 1 | CI66: 0 | CJ66: 2 | CK66: 1 | CL66: 0 | CM66: 2 | CN66: 1 | CO66: 0 | CP66: 2 | CQ66: 1
A67: 4 | B67: 2 | C67: 5 | D67: 40876 | E67: 2 | G67: 4 | H67: 1 | I67: 0 | J67: 1 | K67: 1 | L67: 2 | Q67: 1 | R67: 2 | S67: 0 | T67: 0 | U67: 0 | V67: 0 | W67: 0 | X67: 1 | Y67: 0 | Z67: 2 | AA67: 0 | AB67: 3 | AC67: 3 | AD67: 2 | AE67: 3 | AG67: 3 | AH67: 3 | AI67: 2 | AK67: =COUNTIF(AB67:AJ67,1) -> 0 | AL67: =COUNTIF(AB67:AJ67,2) -> 2 | AM67: =COUNTIF(AB67:AJ67,3) -> 5 | AN67: =COUNTIF(AB67:AJ67,4) -> 0 | AO67: 1 | AP67: 1 | AQ67: 0 | AR67: 1 | AS67: 0 | AT67: 1 | AU67: 1 | AV67: 0 | AW67: 0 | AX67: 3 | AY67: 3 | AZ67: 2 | BA67: 3 | BC67: 3 | BD67: 3 | BE67: 2 | BG67: =COUNTIF(AX67:BF67,1) -> 0 | BH67: =COUNTIF(AX67:BF67,2) -> 2 | BI67: =COUNTIF(AX67:BF67,3) -> 5 | BJ67: =COUNTIF(AX67:BF67,4) -> 0 | BK67: =IF(AND(OR(AB67=3,AB67=4),OR(AX67=3,AX67=4)),1,0) -> 1 | BL67: =IF(AND(OR(AC67=3,AC67=4),OR(AY67=3,AY67=4)),1,0) -> 1 | BM67: =IF(AND(OR(AD67=3,AD67=4),OR(AZ67=3,AZ67=4)),1,0) -> 0 | BN67: =IF(AND(OR(AE67=3,AE67=4),OR(BA67=3,BA67=4)),1,0) -> 1 | BO67: =IF(AND(OR(AF67=3,AF67=4),OR(BB67=3,BB67=4)),1,0) -> 0 | BP67: =IF(AND(OR(AG67=3,AG67=4),OR(BC67=3,BC67=4)),1,0) -> 1 | BQ67: =IF(AND(OR(AH67=3,AH67=4),OR(BD67=3,BD67=4)),1,0) -> 1 | BR67: =IF(AND(OR(AI67=3,AI67=4),OR(BE67=3,BE67=4)),1,0) -> 0 | BS67: =IF(AND(OR(AJ67=3,AJ67=4),OR(BF67=3,BF67=4)),1,0) -> 0 | BT67: =SUM(Raw!AU63:AU71) -> 0 | BU67: =SUM(Raw!BB63:BB71) -> 0 | BV67: =SUM(Raw!BH63:BH71) -> 0 | BW67: =SUM(Raw!BM63:BM71) -> 1 | BY67: =SUM(Raw!BR63:BR71) -> 5 | BZ67: =SUM(Raw!BS63:BS71) -> 1 | CA67: =SUM(Raw!BT63:BT71) -> 1 | CC67: 2 | CD67: 2 | CE67: 2 | CF67: 2 | CG67: 2 | CH67: 2 | CI67: 0 | CJ67: 2 | CK67: 2 | CL67: 0 | CM67: 2 | CN67: 2 | CO67: 0 | CP67: 2 | CQ67: 2
A68: 4 | B68: 2 | C68: 6 | D68: 40876 | E68: 2 | F68: 1992 | G68: 3 | H68: 1 | I68: 0 | J68: 1 | K68: 2 | L68: 1 | M68: 2 | N68: 0 | O68: 2 | P68: 1 | Q68: 3 | R68: 0 | S68: 0 | T68: 2 | U68: 0 | V68: 0 | W68: 0 | X68: 2 | Y68: 0 | Z68: 0 | AA68: 0 | AB68: 3 | AC68: 3 | AD68: 3 | AE68: 3 | AF68: 3 | AH68: 3 | AI68: 2 | AK68: =COUNTIF(AB68:AJ68,1) -> 0 | AL68: =COUNTIF(AB68:AJ68,2) -> 1 | AM68: =COUNTIF(AB68:AJ68,3) -> 6 | AN68: =COUNTIF(AB68:AJ68,4) -> 0 | AO68: 1 | AP68: 1 | AQ68: 1 | AR68: 1 | AS68: 1 | AT68: 0 | AU68: 1 | AV68: 0 | AW68: 0 | AX68: 3 | AY68: 2 | AZ68: 3 | BA68: 3 | BB68: 3 | BD68: 2 | BE68: 2 | BG68: =COUNTIF(AX68:BF68,1) -> 0 | BH68: =COUNTIF(AX68:BF68,2) -> 3 | BI68: =COUNTIF(AX68:BF68,3) -> 4 | BJ68: =COUNTIF(AX68:BF68,4) -> 0 | BK68: =IF(AND(OR(AB68=3,AB68=4),OR(AX68=3,AX68=4)),1,0) -> 1 | BL68: =IF(AND(OR(AC68=3,AC68=4),OR(AY68=3,AY68=4)),1,0) -> 0 | BM68: =IF(AND(OR(AD68=3,AD68=4),OR(AZ68=3,AZ68=4)),1,0) -> 1 | BN68: =IF(AND(OR(AE68=3,AE68=4),OR(BA68=3,BA68=4)),1,0) -> 1 | BO68: =IF(AND(OR(AF68=3,AF68=4),OR(BB68=3,BB68=4)),1,0) -> 1 | BP68: =IF(AND(OR(AG68=3,AG68=4),OR(BC68=3,BC68=4)),1,0) -> 0 | BQ68: =IF(AND(OR(AH68=3,AH68=4),OR(BD68=3,BD68=4)),1,0) -> 0 | BR68: =IF(AND(OR(AI68=3,AI68=4),OR(BE68=3,BE68=4)),1,0) -> 0 | BS68: =IF(AND(OR(AJ68=3,AJ68=4),OR(BF68=3,BF68=4)),1,0) -> 0 | BT68: =SUM(Raw!AV63:AV71) -> 2 | BU68: =SUM(Raw!BC63:BC71) -> 0 | BV68: =SUM(Raw!BI63:BI71) -> 0 | BW68: =SUM(Raw!BN63:BN71) -> 3 | BX68: =SUM(Raw!BR63:BR71) -> 5 | BZ68: =SUM(Raw!BV63:BV71) -> 1 | CA68: =SUM(Raw!BW63:BW71) -> 0 | CC68: 2 | CD68: 2 | CE68: 2 | CF68: 2 | CG68: 2 | CH68: 1 | CI68: 1 | CJ68: 2 | CK68: 2 | CL68: 1 | CM68: 1 | CN68: 1 | CO68: 0 | CP68: 1 | CQ68: 1
A69: 4 | B69: 2 | C69: 7 | D69: 40883 | E69: 2 | F69: 1988 | G69: 3 | H69: 1 | I69: 0 | J69: 1 | K69: 2 | L69: 1 | M69: 2 | N69: 0 | O69: 4 | P69: 1 | Q69: 4 | R69: 2 | S69: 0 | T69: 3 | U69: 1 | V69: 0 | W69: 1 | X69: 4 | Y69: 1 | Z69: 0 | AA69: 2 | AB69: 4 | AC69: 4 | AD69: 3 | AE69: 4 | AF69: 3 | AG69: 3 | AI69: 3 | AK69: =COUNTIF(AB69:AJ69,1) -> 0 | AL69: =COUNTIF(AB69:AJ69,2) -> 0 | AM69: =COUNTIF(AB69:AJ69,3) -> 4 | AN69: =COUNTIF(AB69:AJ69,4) -> 3 | AO69: 1 | AP69: 1 | AQ69: 1 | AR69: 1 | AS69: 1 | AT69: 1 | AU69: 0 | AV69: 1 | AW69: 0 | AX69: 4 | AY69: 4 | AZ69: 3 | BA69: 4 | BB69: 3 | BC69: 3 | BE69: 3 | BG69: =COUNTIF(AX69:BF69,1) -> 0 | BH69: =COUNTIF(AX69:BF69,2) -> 0 | BI69: =COUNTIF(AX69:BF69,3) -> 4 | BJ69: =COUNTIF(AX69:BF69,4) -> 3 | BK69: =IF(AND(OR(AB69=3,AB69=4),OR(AX69=3,AX69=4)),1,0) -> 1 | BL69: =IF(AND(OR(AC69=3,AC69=4),OR(AY69=3,AY69=4)),1,0) -> 1 | BM69: =IF(AND(OR(AD69=3,AD69=4),OR(AZ69=3,AZ69=4)),1,0) -> 1 | BN69: =IF(AND(OR(AE69=3,AE69=4),OR(BA69=3,BA69=4)),1,0) -> 1 | BO69: =IF(AND(OR(AF69=3,AF69=4),OR(BB69=3,BB69=4)),1,0) -> 1 | BP69: =IF(AND(OR(AG69=3,AG69=4),OR(BC69=3,BC69=4)),1,0) -> 1 | BQ69: =IF(AND(OR(AH69=3,AH69=4),OR(BD69=3,BD69=4)),1,0) -> 0 | BR69: =IF(AND(OR(AI69=3,AI69=4),OR(BE69=3,BE69=4)),1,0) -> 1 | BS69: =IF(AND(OR(AJ69=3,AJ69=4),OR(BF69=3,BF69=4)),1,0) -> 0 | BT69: =SUM(Raw!AW63:AW71) -> 4 | BU69: =SUM(Raw!BD63:BD71) -> 3 | BV69: =SUM(Raw!BJ63:BJ71) -> 0 | BW69: =SUM(Raw!BO63:BO71) -> 3 | BX69: =SUM(Raw!BS63:BS71) -> 1 | BY69: =SUM(Raw!BV63:BV71) -> 1 | CA69: =SUM(Raw!BW63:BW71) -> 0 | CC69: 2 | CD69: 2 | CE69: 2 | CF69: 2 | CG69: 2 | CH69: 2 | CI69: 0 | CJ69: 1 | CK69: 1 | CL69: 0 | CM69: 1 | CN69: 1 | CO69: 0 | CP69: 1 | CQ69: 1
A70: 4 | B70: 2 | C70: 8 | D70: 40876 | E70: 2 | F70: 1989 | G70: 6 | H70: 1 | I70: 0 | J70: 1 | K70: 2 | L70: 2 | M70: 3 | N70: 5 | O70: 0 | P70: 1 | Q70: 1 | R70: 2 | S70: 1 | T70: 2 | U70: 0 | V70: 1 | W70: 1 | X70: 0 | Y70: 0 | Z70: 0 | AA70: 0 | AB70: 2 | AC70: 2 | AD70: 3 | AE70: 2 | AF70: 2 | AG70: 3 | AH70: 3 | AK70: =COUNTIF(AB70:AJ70,1) -> 0 | AL70: =COUNTIF(AB70:AJ70,2) -> 4 | AM70: =COUNTIF(AB70:AJ70,3) -> 3 | AN70: =COUNTIF(AB70:AJ70,4) -> 0 | AO70: 0 | AP70: 0 | AQ70: 1 | AR70: 0 | AS70: 0 | AT70: 0 | AU70: 1 | AV70: 0 | AW70: 0 | AX70: 2 | AY70: 1 | AZ70: 2 | BA70: 1 | BB70: 3 | BC70: 2 | BD70: 3 | BG70: =COUNTIF(AX70:BF70,1) -> 2 | BH70: =COUNTIF(AX70:BF70,2) -> 3 | BI70: =COUNTIF(AX70:BF70,3) -> 2 | BJ70: =COUNTIF(AX70:BF70,4) -> 0 | BK70: =IF(AND(OR(AB70=3,AB70=4),OR(AX70=3,AX70=4)),1,0) -> 0 | BL70: =IF(AND(OR(AC70=3,AC70=4),OR(AY70=3,AY70=4)),1,0) -> 0 | BM70: =IF(AND(OR(AD70=3,AD70=4),OR(AZ70=3,AZ70=4)),1,0) -> 0 | BN70: =IF(AND(OR(AE70=3,AE70=4),OR(BA70=3,BA70=4)),1,0) -> 0 | BO70: =IF(AND(OR(AF70=3,AF70=4),OR(BB70=3,BB70=4)),1,0) -> 0 | BP70: =IF(AND(OR(AG70=3,AG70=4),OR(BC70=3,BC70=4)),1,0) -> 0 | BQ70: =IF(AND(OR(AH70=3,AH70=4),OR(BD70=3,BD70=4)),1,0) -> 1 | BR70: =IF(AND(OR(AI70=3,AI70=4),OR(BE70=3,BE70=4)),1,0) -> 0 | BS70: =IF(AND(OR(AJ70=3,AJ70=4),OR(BF70=3,BF70=4)),1,0) -> 0 | BT70: =SUM(Raw!AX63:AX71) -> 0 | BU70: =SUM(Raw!BE63:BE71) -> 0 | BV70: =SUM(Raw!BK63:BK71) -> 1 | BW70: =SUM(Raw!BP63:BP71) -> 1 | BX70: =SUM(Raw!BT63:BT71) -> 1 | BY70: =SUM(Raw!BW63:BW71) -> 0 | BZ70: =SUM(Raw!BY63:BY71) -> 0 | CC70: 1 | CD70: 1 | CE70: 1 | CF70: 1 | CG70: 1 | CH70: 1 | CI70: 1 | CJ70: 1 | CK70: 1 | CL70: 1 | CM70: 1 | CN70: 1 | CO70: 1 | CP70: 1 | CQ70: 1
A71: 4 | B71: 2 | C71: 9 | D71: 40876 | E71: 2 | F71: 1990 | G71: 4 | H71: 1 | I71: 0 | J71: 0 | K71: 0 | L71: 2 | N71: 2 | O71: 0 | P71: 1 | Q71: 5 | R71: 1 | S71: 0 | T71: 1 | U71: 0 | V71: 0 | W71: 1 | X71: 2 | Y71: 0 | Z71: 1 | AA71: 0 | AB71: 2 | AC71: 2 | AD71: 2 | AE71: 3 | AF71: 4 | AG71: 3 | AH71: 3 | AI71: 2 | AK71: =COUNTIF(AB71:AJ71,1) -> 0 | AL71: =COUNTIF(AB71:AJ71,2) -> 4 | AM71: =COUNTIF(AB71:AJ71,3) -> 3 | AN71: =COUNTIF(AB71:AJ71,4) -> 1 | AO71: 0 | AP71: 0 | AQ71: 0 | AR71: 0 | AS71: 0 | AT71: 0 | AU71: 0 | AV71: 0 | AW71: 0 | AX71: 2 | AY71: 2 | AZ71: 2 | BA71: 3 | BB71: 3 | BC71: 3 | BD71: 2 | BE71: 2 | BG71: =COUNTIF(AX71:BF71,1) -> 0 | BH71: =COUNTIF(AX71:BF71,2) -> 5 | BI71: =COUNTIF(AX71:BF71,3) -> 3 | BJ71: =COUNTIF(AX71:BF71,4) -> 0 | BK71: =IF(AND(OR(AB71=3,AB71=4),OR(AX71=3,AX71=4)),1,0) -> 0 | BL71: =IF(AND(OR(AC71=3,AC71=4),OR(AY71=3,AY71=4)),1,0) -> 0 | BM71: =IF(AND(OR(AD71=3,AD71=4),OR(AZ71=3,AZ71=4)),1,0) -> 0 | BN71: =IF(AND(OR(AE71=3,AE71=4),OR(BA71=3,BA71=4)),1,0) -> 1 | BO71: =IF(AND(OR(AF71=3,AF71=4),OR(BB71=3,BB71=4)),1,0) -> 1 | BP71: =IF(AND(OR(AG71=3,AG71=4),OR(BC71=3,BC71=4)),1,0) -> 1 | BQ71: =IF(AND(OR(AH71=3,AH71=4),OR(BD71=3,BD71=4)),1,0) -> 0 | BR71: =IF(AND(OR(AI71=3,AI71=4),OR(BE71=3,BE71=4)),1,0) -> 0 | BS71: =IF(AND(OR(AJ71=3,AJ71=4),OR(BF71=3,BF71=4)),1,0) -> 0 | CC71: 2 | CD71: 2 | CE71: 1 | CF71: 1 | CG71: 2 | CH71: 1 | CI71: 0 | CJ71: 2 | CK71: 2 | CL71: 0 | CM71: 1 | CN71: 2 | CO71: 0 | CP71: 2 | CQ71: 1

Sheet legend
A1: Gender | B1: First game | C1: study | D1: mother_tongue | E1: General_Info_Q1: "Have you ever participated to a experiment?" | F1: General_Info_Q2: "in general, do you think most people would take advantage of you if they had a chance, or do you think they would be fair?" | G1: General_Info_Q3: "would you say that, most of the time, people try to be helpful, or do they only act in their own interest?" | H1: General_Info_Q4: "in general, would you say that most people can be trusted, or should one always be prudent when it comes to interact with others?" | I1: General_Info_Q5: "which (French) political party do you intend to vote for in the next (French) election?" | J1: General_Info_Q6: "what religion do you identify with?" | K1: General Info_Q71: "how long have you been playing volleyball?" | L1: General Info_Q72: "On average, how many hours per week do you invest in your volleyball training outside of this training session?" | M1: Volleyball_Q3: "what other activities do you practice in club?" | N1: Volleyball_Q4: "what other sports do you practice?" | O1: Volleyball_Q5: "what volleyball team do you generally support?" | P1: Volleyball_Q6: "what football team do you generally support?" | Q1: Volleyball_Q7: "what rugby team do you generally support?" | R1: Team_Q4: "ideally, in what type of team do you prefer to play?" | S1: Team_Q5_x: "indicate what you think about each of your teammates" | T1: Team_Q6_x: "indicate what you think each of your teammates think about you" | U1: Team_Q7_x: "indicate the ties that you think exist between your teammates, i.e., who is friend with whom?" | V1: High_G | W1: High_S | X1: T1_1_AB V1_1_AB S1_1_AB T1_2_AB V1_2_AB S1_2_AB | Y1: T2_1_IN V2_1_IN S2_1_IN | Z1: T2_1_INAB V2_1_INAB S2_1_INAB | AA1: T2_1_AB V2_1_AB S2_1_AB T2_2_AB V2_2_AB S2_2_AB | AB1: T2_1_INA V2_1_INA S2_1_INA | AC1: T2_1_INB V2_1_INB S2_1_INB | AD1: T1_AA V1_AA S1_AA | AE1: T1_BB V1_BB S1_BB | AF1: T1_AB V1_AB S1_AB | AG1: T1_BA V1_BA S1_BA | AH1: T2_OUTA V2_OUTA S2_OUTA | AI1: T2_OUTB V2_OUTB S2_OUTB | AJ1: T2_AA V2_AA S2_AA | AK1: T2_BB V2_BB S2_BB | AL1: T2_AB V2_AB S2_AB | AM1: T2_BA V2_BA S2_BA
A2: Male = 1 | B2: one shot = 1 | C2: economics = 1 | D2: French = 1 | E2: No = 0 | F2: Fair = 1 | G2: Cooperate = 1 | H2: Trust = 1 | I2: Other = 0 | J2: Other = 0 | K2: Toulouse = 0 | L2: Big city = 1 | M2: Nb of activities | N2: Nb of sports | O2: None = 0 | P2: None = 0 | Q2: None = 0 | R2: Best team = 0 | S2: Dislike = 1 | T2: Dislike = 1 | U2: Nb of connections with player x | V2: high group-connecteness = 1 | W2: high self-connecteness = 1 | X2: Select A = 1 | Y2: Select Out = 0 | Z2: Select Out = 1 | AA2: Select A = 1 | AB2: select IN+A = 1 | AC2: Select IN+B = 1 | AD2: Select A as player 1 and A as player 2 = 1 | AE2: Select B as player 1 and B as player 2 = 1 | AF2: Select A as player 1 and B as player 2 = 1 | AG2: Select B as player 1 and A as player 2 = 1 | AH2: Select Out as player 1 and A as player 2 = 1 | AI2: Select Out as player 1 and B as player 2 = 1 | AJ2: Select In+A as player 1 and A as player 2 = 1 | AK2: Select In+B as player 1 and B as player 2 = 1 | AL2: Select In+A as player 1 and B as player 2 = 1 | AM2: Select In+B as player 1 and A as player 2 = 1
